collection_id,loan_id,borrower_id,contact_attempt_date,contact_method,contact_outcome,agent_id,days_since_default
COL20FC7BB5,LN0918B310,BRWA93E5B90,2022-09-19,Push Notification,promise_to_pay,AGTFAB66F1B,48
COLCE40242E,LNA9669C93,BRWAF9FCB2D,2024-03-15,Call,promise_to_pay,AGT730A7DFF,17
COLF2207802,LN8E17DFBE,BRW9570C49F,2024-07-31,Push Notification,no_response,AGT8C983807,8
COL49255CF6,LN8E17DFBE,BRW9570C49F,2024-08-22,Push Notification,paid,AGTCADDCCF8,30
COLA9830ED2,LN8E17DFBE,BRW9570C49F,2024-10-06,SMS,no_response,AGT751726B0,75
COL30E3BC16,LN8E17DFBE,BRW9570C49F,2024-09-19,Push Notification,no_response,AGT8C983807,58
COL27C1DD38,LNE4EAFB41,BRW25F17C31,2024-07-09,WhatsApp,no_response,AGTFB787BD8,56
COL612BAE1B,LNE4EAFB41,BRW25F17C31,2024-08-10,SMS,no_response,AGTA10EC69F,88
COL05EED262,LNE4EAFB41,BRW25F17C31,2024-06-18,WhatsApp,no_response,AGT8C983807,35
COL9F24EB43,LNE4EAFB41,BRW25F17C31,2024-06-23,Call,no_response,AGT1EC297E1,40
COLF13D0491,LN18D97AF2,BRW1DBE5CD0,2023-10-28,Push Notification,paid,AGT1EC297E1,8
COL4E7347FA,LN18D97AF2,BRW1DBE5CD0,2023-12-05,Push Notification,no_response,AGT97646EF0,46
COLD122A804,LN18D97AF2,BRW1DBE5CD0,2023-11-27,Call,no_response,AGTA10EC69F,38
COL362654A1,LNEE4C5EC0,BRW94842309,2023-11-03,Push Notification,no_response,AGTA10EC69F,23
COL129CD919,LNEE4C5EC0,BRW94842309,2023-12-07,Call,paid,AGTFB787BD8,57
COL938AC5CD,LNEE4C5EC0,BRW94842309,2023-11-24,WhatsApp,no_response,AGT1EC297E1,44
COLF81AB9F0,LN3FA02BCF,BRWA54EBD74,2024-04-16,Call,no_response,AGTCADDCCF8,89
COL754C5EC7,LN8E7FA61F,BRW789993F1,2024-07-13,SMS,promise_to_pay,AGT97646EF0,11
COL1C10FC40,LNCB26C82E,BRWF9DDF158,2023-10-16,Push Notification,no_response,AGT9AF7C5BF,67
COLECBED15B,LNCB26C82E,BRWF9DDF158,2023-09-18,WhatsApp,no_response,AGTA10EC69F,39
COL8240E99F,LNCB26C82E,BRWF9DDF158,2023-11-07,Push Notification,no_response,AGTFB787BD8,89
COL297A5207,LNCB26C82E,BRWF9DDF158,2023-08-11,Push Notification,no_response,AGT97646EF0,1
COLCDED87D1,LN15434D4F,BRWE9153421,2024-08-15,Call,no_response,AGT1EC297E1,24
COLE180A2D9,LN15434D4F,BRWE9153421,2024-08-14,Call,paid,AGT9AF7C5BF,23
COL9385DB33,LN15434D4F,BRWE9153421,2024-09-07,Push Notification,no_response,AGT751726B0,47
COLEB360B8A,LN15434D4F,BRWE9153421,2024-07-25,WhatsApp,no_response,AGTFB787BD8,3
COL5CB10377,LN15434D4F,BRWE9153421,2024-08-18,Push Notification,no_response,AGTCADDCCF8,27
COL660CD61E,LNB135BC24,BRW9CD2625A,2024-09-04,Push Notification,paid,AGTFB787BD8,69
COL46168F1F,LNB135BC24,BRW9CD2625A,2024-08-31,SMS,promise_to_pay,AGT8C983807,65
COL402055C5,LNB135BC24,BRW9CD2625A,2024-07-30,WhatsApp,promise_to_pay,AGTFAB66F1B,33
COL3583C9D0,LNE13E5601,BRW7651F794,2024-06-03,Push Notification,no_response,AGTFB787BD8,60
COLBD76B0A1,LNE13E5601,BRW7651F794,2024-05-19,WhatsApp,no_response,AGTB3CEAD3D,45
COL96B9E903,LNE13E5601,BRW7651F794,2024-04-19,SMS,paid,AGTFAB66F1B,15
COLE3F2B809,LNE13E5601,BRW7651F794,2024-05-23,Push Notification,paid,AGT0C5F5076,49
COL80074C62,LNE13E5601,BRW7651F794,2024-06-02,Call,no_response,AGTFAB66F1B,59
COL9EA3F726,LN916C174B,BRW2F959B2C,2024-01-18,SMS,promise_to_pay,AGTFB787BD8,5
COL8E7CE281,LN916C174B,BRW2F959B2C,2024-04-05,Call,disputed,AGTA10EC69F,83
COLD8E59F50,LN650AF697,BRW41461D37,2024-04-19,Call,no_response,AGT730A7DFF,79
COL4FF89CDB,LN650AF697,BRW41461D37,2024-04-29,Push Notification,disputed,AGT1EC297E1,89
COLC3D32FFC,LN650AF697,BRW41461D37,2024-04-10,Call,promise_to_pay,AGT9AF7C5BF,70
COL6EF60B2A,LN650AF697,BRW41461D37,2024-04-22,Call,paid,AGT9AF7C5BF,82
COLF40AF3D6,LN650AF697,BRW41461D37,2024-03-12,WhatsApp,paid,AGT8C983807,41
COL4426F2FF,LN5E288382,BRW30059EDA,2024-05-29,Call,no_response,AGT8C983807,77
COLF111F7AD,LN5E288382,BRW30059EDA,2024-06-05,Push Notification,no_response,AGT751726B0,84
COL00AC55D6,LN5E288382,BRW30059EDA,2024-05-10,SMS,no_response,AGTA10EC69F,58
COL5F2C750F,LNC8708BA8,BRWEA26C1BD,2024-09-16,WhatsApp,paid,AGT0C5F5076,67
COL8CD2BF54,LNC8708BA8,BRWEA26C1BD,2024-08-22,Call,no_response,AGT730A7DFF,42
COL73AC8B7E,LNC8708BA8,BRWEA26C1BD,2024-09-04,SMS,paid,AGT8C983807,55
COL3DDDAD7F,LNC8708BA8,BRWEA26C1BD,2024-08-20,WhatsApp,no_response,AGTFB787BD8,40
COL92230C7A,LNC8708BA8,BRWEA26C1BD,2024-10-01,Call,promise_to_pay,AGT1EC297E1,82
COLF59EF545,LNAE5CF3C6,BRWDBE38994,2024-05-27,WhatsApp,paid,AGTA10EC69F,42
COLFD0664D6,LNAE5CF3C6,BRWDBE38994,2024-06-02,Call,no_response,AGT9AF7C5BF,48
COL16728DBF,LN06B1AA47,BRWD869FF90,2024-06-24,Push Notification,no_response,AGTA10EC69F,44
COLBD26F0D4,LN06B1AA47,BRWD869FF90,2024-07-21,WhatsApp,paid,AGT9AF7C5BF,71
COL14A54819,LN58B2800B,BRW89E377F9,2024-10-01,WhatsApp,no_response,AGT751726B0,35
COLBE65646B,LN58B2800B,BRW89E377F9,2024-11-02,WhatsApp,disputed,AGTFAB66F1B,67
COL63F1B5E1,LN58B2800B,BRW89E377F9,2024-10-24,Call,no_response,AGTB3CEAD3D,58
COL803EB5E1,LN58B2800B,BRW89E377F9,2024-11-14,Call,paid,AGT97646EF0,79
COLC30D5020,LN58B2800B,BRW89E377F9,2024-08-31,Call,no_response,AGTB3CEAD3D,4
COLC5DC7664,LN6F1D61C2,BRWAA865B2B,2023-01-08,SMS,no_response,AGT8C983807,10
COLB536BD63,LN6F1D61C2,BRWAA865B2B,2023-02-04,WhatsApp,paid,AGT751726B0,37
COL673EABF4,LN6F1D61C2,BRWAA865B2B,2023-03-07,SMS,no_response,AGTB3CEAD3D,68
COL057374DC,LN6F1D61C2,BRWAA865B2B,2023-01-29,WhatsApp,no_response,AGTB3CEAD3D,31
COL6754067C,LNADAF4B2D,BRW057CE687,2023-01-05,WhatsApp,no_response,AGTCADDCCF8,20
COLD719FCC8,LNADAF4B2D,BRW057CE687,2022-12-31,Call,no_response,AGT8C983807,15
COLAC83D5C7,LNADAF4B2D,BRW057CE687,2022-12-21,SMS,disputed,AGTFB787BD8,5
COLC196E653,LN3E5C8EFA,BRW3CEE3BBE,2024-03-04,WhatsApp,no_response,AGT1EC297E1,7
COLFF1EB386,LN3E5C8EFA,BRW3CEE3BBE,2024-05-17,WhatsApp,no_response,AGTCADDCCF8,81
COLC0D08C42,LN3E5C8EFA,BRW3CEE3BBE,2024-03-08,SMS,disputed,AGT8C983807,11
COL76E4CB6F,LN3E5C8EFA,BRW3CEE3BBE,2024-03-15,WhatsApp,promise_to_pay,AGT730A7DFF,18
COL62DF8DBB,LN3E5C8EFA,BRW3CEE3BBE,2024-04-06,Call,paid,AGT9AF7C5BF,40
COLFF164076,LNDBFF67AC,BRWCB331157,2024-04-19,Push Notification,promise_to_pay,AGT730A7DFF,72
COLB1A5EFD6,LNDBFF67AC,BRWCB331157,2024-05-03,Call,no_response,AGTB3CEAD3D,86
COL21071621,LNF297BDF1,BRWE0A3F5F4,2024-02-26,SMS,paid,AGTB3CEAD3D,76
COLCCC12296,LNF297BDF1,BRWE0A3F5F4,2024-02-10,Push Notification,promise_to_pay,AGT730A7DFF,60
COL745BB174,LNF297BDF1,BRWE0A3F5F4,2024-03-04,WhatsApp,promise_to_pay,AGT9AF7C5BF,83
COLA05191A1,LNF297BDF1,BRWE0A3F5F4,2024-01-07,SMS,no_response,AGT730A7DFF,26
COL04638FE7,LN0E3C749D,BRWE65FB5B2,2024-09-07,Push Notification,no_response,AGTFAB66F1B,49
COL7AD7295B,LN0E3C749D,BRWE65FB5B2,2024-09-02,WhatsApp,paid,AGT8C983807,44
COL6CD0DDBD,LNA1C84375,BRWDA7D4931,2024-06-04,Call,no_response,AGT730A7DFF,53
COLE2E9FCC1,LNA1C84375,BRWDA7D4931,2024-05-31,SMS,disputed,AGT0C5F5076,49
COL0EB57BA7,LN0391093B,BRW646420F7,2023-02-13,SMS,promise_to_pay,AGT730A7DFF,44
COL7D0BDF69,LN0391093B,BRW646420F7,2023-01-22,SMS,no_response,AGTCADDCCF8,22
COL0B8DC42E,LN0391093B,BRW646420F7,2023-02-10,WhatsApp,no_response,AGT751726B0,41
COL9415BBBF,LN52468362,BRW0A170D8A,2023-03-14,SMS,no_response,AGT97646EF0,64
COLA634835F,LN52468362,BRW0A170D8A,2023-04-04,SMS,no_response,AGTB3CEAD3D,85
COLE7E44EDC,LN52468362,BRW0A170D8A,2023-02-10,WhatsApp,no_response,AGTA10EC69F,32
COLABF71B08,LN7749C43A,BRW0306E712,2024-03-20,Push Notification,disputed,AGTFAB66F1B,2
COL6693A652,LNB05F10ED,BRW5F1362A5,2024-08-17,Push Notification,no_response,AGTA10EC69F,8
COL808FC011,LNB05F10ED,BRW5F1362A5,2024-10-15,Push Notification,no_response,AGT1EC297E1,67
COLD95E3B11,LNB05F10ED,BRW5F1362A5,2024-09-12,Call,paid,AGT0C5F5076,34
COLBA2B7D10,LNB22A494C,BRW1DD77070,2022-12-11,WhatsApp,no_response,AGT97646EF0,74
COL3E2BB26E,LNB22A494C,BRW1DD77070,2022-12-02,WhatsApp,no_response,AGT1EC297E1,65
COL0D82479C,LNB22A494C,BRW1DD77070,2022-11-20,SMS,no_response,AGTCADDCCF8,53
COLA3D63B13,LN4BB3F3B2,BRW7F850428,2022-10-23,Push Notification,disputed,AGTA10EC69F,2
COL7D01264C,LN4BB3F3B2,BRW7F850428,2022-11-26,Call,no_response,AGTFB787BD8,36
COL15009652,LN5EF5FD62,BRWE7188658,2024-11-28,WhatsApp,no_response,AGT730A7DFF,86
COL492AD36F,LN5EF5FD62,BRWE7188658,2024-10-27,Push Notification,promise_to_pay,AGT1EC297E1,54
COL26365458,LN5EF5FD62,BRWE7188658,2024-09-20,Call,paid,AGT1EC297E1,17
COL4A643485,LN5EF5FD62,BRWE7188658,2024-11-27,Call,promise_to_pay,AGT97646EF0,85
COL615E5F7F,LN706DD8CB,BRW6CEAF6DB,2024-04-04,Call,paid,AGT8C983807,37
COLD4242AED,LN706DD8CB,BRW6CEAF6DB,2024-04-28,Push Notification,promise_to_pay,AGT0C5F5076,61
COL43E76796,LNE9894002,BRW9AF78AE5,2023-03-10,Push Notification,paid,AGT97646EF0,51
COLEF1F236E,LNE9894002,BRW9AF78AE5,2023-03-07,Call,no_response,AGT730A7DFF,48
COL4B5CBF75,LNAEE39E0B,BRW19BFD8BF,2023-12-29,SMS,no_response,AGT9AF7C5BF,49
COL04FAB8CB,LN86AD8260,BRWD190D11C,2022-12-05,Call,no_response,AGT9AF7C5BF,34
COLF3B9FFF3,LN86AD8260,BRWD190D11C,2022-11-18,Push Notification,no_response,AGTFB787BD8,17
COL6912DC0D,LN86AD8260,BRWD190D11C,2022-12-20,WhatsApp,paid,AGT97646EF0,49
COL0062B35B,LN86AD8260,BRWD190D11C,2022-11-15,Push Notification,paid,AGTCADDCCF8,14
COL5677A46A,LN86AD8260,BRWD190D11C,2022-11-21,Call,no_response,AGT0C5F5076,20
COL9283AE5E,LN1E89037F,BRW1C92AA56,2024-10-26,WhatsApp,no_response,AGT9AF7C5BF,40
COL30823839,LN1E89037F,BRW1C92AA56,2024-10-09,SMS,no_response,AGT8C983807,23
COLDF44C5C8,LN1E89037F,BRW1C92AA56,2024-11-04,SMS,paid,AGT8C983807,49
COL9F212FE7,LN1E89037F,BRW1C92AA56,2024-11-23,WhatsApp,promise_to_pay,AGT0C5F5076,68
COLD01A04AE,LNA9AC4B07,BRW1C92AA56,2023-03-20,Push Notification,promise_to_pay,AGT751726B0,23
COL42FC2E1D,LNA9AC4B07,BRW1C92AA56,2023-05-15,Call,no_response,AGT730A7DFF,79
COL400D0235,LNA9AC4B07,BRW1C92AA56,2023-05-17,SMS,paid,AGT751726B0,81
COL96142E95,LN98DECC44,BRW355A312B,2023-11-09,WhatsApp,no_response,AGT730A7DFF,71
COL1E27635F,LN98DECC44,BRW355A312B,2023-09-27,SMS,no_response,AGTA10EC69F,28
COLC7B0F42D,LN98DECC44,BRW355A312B,2023-09-12,Push Notification,paid,AGTCADDCCF8,13
COLD15F44B0,LN98DECC44,BRW355A312B,2023-09-26,Call,paid,AGT751726B0,27
COLE51D6B1D,LN522F6D39,BRWD44FA97C,2023-04-25,Call,promise_to_pay,AGT1EC297E1,45
COL1997DACF,LN522F6D39,BRWD44FA97C,2023-05-22,WhatsApp,paid,AGTB3CEAD3D,72
COL1AB94BB5,LN522F6D39,BRWD44FA97C,2023-05-26,SMS,no_response,AGT751726B0,76
COL6307786E,LN522F6D39,BRWD44FA97C,2023-04-12,Call,promise_to_pay,AGTCADDCCF8,32
COLC5C2DA30,LN9337AF08,BRWB22555CE,2022-10-28,Call,promise_to_pay,AGT8C983807,1
COLD0A1B4A5,LN9337AF08,BRWB22555CE,2022-11-17,WhatsApp,no_response,AGT730A7DFF,21
COL802433F7,LN9337AF08,BRWB22555CE,2023-01-24,WhatsApp,paid,AGTFAB66F1B,89
COLE23B76DE,LNBB5DC9C5,BRW1C899B1B,2024-07-15,Call,paid,AGT1EC297E1,27
COL255B9CBA,LNBB5DC9C5,BRW1C899B1B,2024-09-08,WhatsApp,no_response,AGT751726B0,82
COL0797D7FF,LNBB5DC9C5,BRW1C899B1B,2024-09-16,WhatsApp,promise_to_pay,AGT751726B0,90
COL853907FA,LN2BCBCEDA,BRW95E9FE09,2022-12-12,SMS,no_response,AGT1EC297E1,32
COLC8DC743E,LN2BCBCEDA,BRW95E9FE09,2022-11-19,WhatsApp,promise_to_pay,AGT97646EF0,9
COL046081D5,LN2BCBCEDA,BRW95E9FE09,2023-01-09,Call,disputed,AGTA10EC69F,60
COLBCDB6459,LNB3C3B1BD,BRWCCCE7B92,2024-06-19,Call,disputed,AGT1EC297E1,53
COL55153551,LN58A39DBE,BRW888AA030,2024-07-19,SMS,paid,AGT9AF7C5BF,48
COLDB55432C,LNA6C346E3,BRWE115B3DA,2024-06-17,Call,no_response,AGT9AF7C5BF,6
COLCAAD9D81,LNAFE32EC4,BRWE16F9FEE,2023-05-20,Push Notification,no_response,AGT730A7DFF,48
COL1995E387,LNAFE32EC4,BRWE16F9FEE,2023-04-17,Call,no_response,AGT9AF7C5BF,15
COL2FBAE329,LNAFE32EC4,BRWE16F9FEE,2023-04-18,SMS,no_response,AGTA10EC69F,16
COL203778EE,LNAFE32EC4,BRWE16F9FEE,2023-04-20,Push Notification,no_response,AGTFAB66F1B,18
COL5B61398C,LNAFE32EC4,BRWE16F9FEE,2023-07-01,Push Notification,no_response,AGT0C5F5076,90
COL02EB3F3B,LN87B3958E,BRWE16F9FEE,2024-06-21,WhatsApp,paid,AGT1EC297E1,72
COLBB72CCB7,LN87B3958E,BRWE16F9FEE,2024-04-27,Call,no_response,AGT9AF7C5BF,17
COL0FDB59E3,LN87B3958E,BRWE16F9FEE,2024-05-25,Call,paid,AGT8C983807,45
COL61FD8199,LN6BA6D386,BRW9B0A9FC0,2023-04-06,Call,no_response,AGT9AF7C5BF,41
COL32F9CC8E,LN8DEEA226,BRW3E53CC3F,2023-09-23,Push Notification,paid,AGT1EC297E1,39
COLE05EE67D,LN8DEEA226,BRW3E53CC3F,2023-10-05,Push Notification,paid,AGT730A7DFF,51
COLEBE7C4FD,LNE0737F3F,BRW33EF57BD,2024-05-19,WhatsApp,promise_to_pay,AGT0C5F5076,64
COLFB6CD799,LNE0737F3F,BRW33EF57BD,2024-03-26,SMS,no_response,AGT9AF7C5BF,10
COL4A618137,LN7267D0B2,BRW9C5C7C09,2023-05-25,Push Notification,no_response,AGT97646EF0,75
COL3A229B6D,LN7267D0B2,BRW9C5C7C09,2023-03-14,WhatsApp,no_response,AGTFB787BD8,3
COL9014259C,LN7267D0B2,BRW9C5C7C09,2023-05-09,Push Notification,no_response,AGTB3CEAD3D,59
COLBC3718D1,LNFE75A595,BRW1A6AED3D,2024-06-18,Call,paid,AGTA10EC69F,84
COLE7D844E2,LNFE75A595,BRW1A6AED3D,2024-06-11,WhatsApp,no_response,AGTFAB66F1B,77
COL5843673D,LNFE75A595,BRW1A6AED3D,2024-06-11,WhatsApp,no_response,AGTB3CEAD3D,77
COL30F03896,LNFE75A595,BRW1A6AED3D,2024-04-19,SMS,promise_to_pay,AGT9AF7C5BF,24
COL770C86D5,LNFE75A595,BRW1A6AED3D,2024-05-06,SMS,promise_to_pay,AGT1EC297E1,41
COL893C92EF,LNEC2D7CC8,BRW29E08A85,2022-08-11,WhatsApp,promise_to_pay,AGTA10EC69F,13
COL3CE845A4,LNEC2D7CC8,BRW29E08A85,2022-10-05,Call,no_response,AGT97646EF0,68
COLC2A66A88,LNEC2D7CC8,BRW29E08A85,2022-10-13,Call,disputed,AGT9AF7C5BF,76
COL71BBBF78,LNEC2D7CC8,BRW29E08A85,2022-08-08,Push Notification,no_response,AGT9AF7C5BF,10
COLD9068B6E,LNEC2D7CC8,BRW29E08A85,2022-10-25,WhatsApp,paid,AGT730A7DFF,88
COL726404BC,LNAF1B396B,BRW29E08A85,2023-08-28,Call,paid,AGTFAB66F1B,28
COLE2D6F870,LNAF1B396B,BRW29E08A85,2023-09-05,Push Notification,no_response,AGTFAB66F1B,36
COLBF4C7464,LNB2C8EC45,BRW4070E970,2024-05-05,SMS,paid,AGTB3CEAD3D,6
COL093BD450,LNEEF3B912,BRWBAC8187D,2024-02-24,WhatsApp,paid,AGTFAB66F1B,24
COL54808E5D,LNEEF3B912,BRWBAC8187D,2024-02-14,Call,paid,AGT8C983807,14
COL9A06B526,LNEEF3B912,BRWBAC8187D,2024-02-01,SMS,paid,AGTA10EC69F,1
COL78E27AB2,LNEEF3B912,BRWBAC8187D,2024-03-07,WhatsApp,paid,AGT751726B0,36
COL390E3DF5,LNF9CC072C,BRWF9F6E15A,2023-03-31,Push Notification,disputed,AGTCADDCCF8,79
COL2E5F87FA,LNF9CC072C,BRWF9F6E15A,2023-01-26,SMS,promise_to_pay,AGTA10EC69F,15
COLDFDCCDB4,LN60D7F053,BRW0224AFF7,2024-01-05,SMS,no_response,AGTFB787BD8,5
COL6D7E7268,LN60D7F053,BRW0224AFF7,2024-02-08,Call,no_response,AGTFB787BD8,39
COL76767F42,LN60D7F053,BRW0224AFF7,2024-03-18,SMS,paid,AGTCADDCCF8,78
COLED0302B7,LN60D7F053,BRW0224AFF7,2024-01-01,WhatsApp,no_response,AGT1EC297E1,1
COL0E1B16A5,LN60D7F053,BRW0224AFF7,2024-01-09,SMS,no_response,AGTFB787BD8,9
COL95393949,LNEE2D2996,BRW8ED6FDCE,2024-08-20,SMS,disputed,AGT0C5F5076,54
COLB961651D,LNEE2D2996,BRW8ED6FDCE,2024-06-30,WhatsApp,no_response,AGTB3CEAD3D,3
COLF47B1C88,LNEE2D2996,BRW8ED6FDCE,2024-08-09,SMS,no_response,AGTFB787BD8,43
COL1F894C3D,LNEE2D2996,BRW8ED6FDCE,2024-09-18,Call,no_response,AGTFB787BD8,83
COL2F0C469A,LNAF7037B9,BRWE38D21D8,2022-11-09,Call,paid,AGTFB787BD8,29
COLE0A1DF37,LNAF7037B9,BRWE38D21D8,2022-11-14,Call,no_response,AGTFAB66F1B,34
COL8AF11D66,LNAF7037B9,BRWE38D21D8,2022-12-17,Call,no_response,AGT9AF7C5BF,67
COL192A3CF3,LNE8D7A7E9,BRW4DEB8770,2022-10-10,Call,paid,AGT1EC297E1,79
COL3039FDF8,LNE8D7A7E9,BRW4DEB8770,2022-09-23,Call,paid,AGTA10EC69F,62
COL4236E5F8,LNE8D7A7E9,BRW4DEB8770,2022-08-14,Push Notification,disputed,AGTFB787BD8,22
COLF6C46D97,LN58BB9FFA,BRWD12E2A74,2023-09-02,Push Notification,no_response,AGT0C5F5076,30
COL5D291C5A,LN58BB9FFA,BRWD12E2A74,2023-08-25,Push Notification,no_response,AGTFAB66F1B,22
COLB7D5715F,LN58BB9FFA,BRWD12E2A74,2023-08-29,Push Notification,promise_to_pay,AGTFAB66F1B,26
COL84026822,LN58BB9FFA,BRWD12E2A74,2023-08-21,SMS,disputed,AGT9AF7C5BF,18
COLA3D73047,LN58BB9FFA,BRWD12E2A74,2023-09-23,SMS,no_response,AGT751726B0,51
COL6AE02852,LN509DA912,BRWA63A5133,2024-11-28,WhatsApp,paid,AGT751726B0,86
COL62F19F56,LN509DA912,BRWA63A5133,2024-10-29,Push Notification,disputed,AGT8C983807,56
COL1D0B4645,LN01FBD86C,BRW5175BC8B,2024-11-23,SMS,no_response,AGTB3CEAD3D,55
COL556207C9,LN01FBD86C,BRW5175BC8B,2024-10-18,Push Notification,no_response,AGTFAB66F1B,19
COLACCC3B8C,LN01FBD86C,BRW5175BC8B,2024-11-09,Call,paid,AGT730A7DFF,41
COL4AB7AD13,LN01FBD86C,BRW5175BC8B,2024-10-14,Call,paid,AGT8C983807,15
COLBC47AFDE,LN8B598D09,BRWE90CD0F8,2024-02-25,Push Notification,disputed,AGT1EC297E1,42
COLFBA154DD,LN8B598D09,BRWE90CD0F8,2024-02-17,Call,promise_to_pay,AGT751726B0,34
COL4D5A6C7F,LN8B598D09,BRWE90CD0F8,2024-01-18,WhatsApp,promise_to_pay,AGT730A7DFF,4
COLAF55A387,LN8B598D09,BRWE90CD0F8,2024-01-15,Call,no_response,AGT1EC297E1,1
COLB391DF43,LN220EB6FA,BRWC1E1C374,2023-10-23,Call,promise_to_pay,AGTCADDCCF8,31
COL48CD6B3B,LNA9F3E24F,BRW3FD9FA72,2023-11-17,Call,paid,AGTA10EC69F,29
COLA574F718,LNA9F3E24F,BRW3FD9FA72,2023-11-23,WhatsApp,paid,AGTA10EC69F,35
COLF2F5C233,LNA9F3E24F,BRW3FD9FA72,2023-12-13,SMS,no_response,AGTA10EC69F,55
COL311CE64E,LNA9F3E24F,BRW3FD9FA72,2023-12-13,SMS,no_response,AGTFAB66F1B,55
COL6F15DCA7,LNA9F3E24F,BRW3FD9FA72,2023-11-25,WhatsApp,paid,AGT751726B0,37
COLD6E769BC,LN548BE255,BRWC52D30B4,2022-12-22,WhatsApp,paid,AGT1EC297E1,53
COLEF14143F,LN548BE255,BRWC52D30B4,2022-12-22,SMS,paid,AGT0C5F5076,53
COL9BBF8822,LN548BE255,BRWC52D30B4,2022-12-29,Call,promise_to_pay,AGTFAB66F1B,60
COL9DCEE8CD,LN548BE255,BRWC52D30B4,2022-11-29,SMS,paid,AGTCADDCCF8,30
COLBC368BD9,LNF66A4AF6,BRWF107BF27,2023-12-06,WhatsApp,no_response,AGT730A7DFF,65
COL51CF710D,LNF66A4AF6,BRWF107BF27,2023-12-26,WhatsApp,promise_to_pay,AGT1EC297E1,85
COLB4B47010,LNF66A4AF6,BRWF107BF27,2023-11-14,SMS,no_response,AGTB3CEAD3D,43
COLCB799D69,LNF66A4AF6,BRWF107BF27,2023-11-11,Call,paid,AGT730A7DFF,40
COLD0E850A0,LNF66A4AF6,BRWF107BF27,2023-12-28,SMS,no_response,AGT9AF7C5BF,87
COL0CB8E91D,LN22395478,BRW3ADE3441,2024-12-12,WhatsApp,disputed,AGT751726B0,75
COLC644FF39,LN22395478,BRW3ADE3441,2024-10-05,SMS,promise_to_pay,AGT0C5F5076,7
COL928173C7,LN22395478,BRW3ADE3441,2024-11-23,Push Notification,no_response,AGTB3CEAD3D,56
COLC89F7ACE,LN22395478,BRW3ADE3441,2024-12-14,Push Notification,promise_to_pay,AGT1EC297E1,77
COL5863045D,LNB689E728,BRW2CD1033C,2024-06-04,Call,no_response,AGT8C983807,49
COL12995FC5,LNB689E728,BRW2CD1033C,2024-05-06,SMS,paid,AGTA10EC69F,20
COL690F916B,LNB689E728,BRW2CD1033C,2024-06-30,Call,no_response,AGTFAB66F1B,75
COL684F7EBE,LNB689E728,BRW2CD1033C,2024-06-20,Push Notification,no_response,AGT730A7DFF,65
COL1D8FE913,LNB689E728,BRW2CD1033C,2024-06-14,Call,paid,AGT1EC297E1,59
COL78387E3A,LNFE82CDFD,BRW923A719A,2022-11-19,Call,no_response,AGT0C5F5076,41
COLE6DA7CEA,LNFE82CDFD,BRW923A719A,2022-12-09,Call,promise_to_pay,AGTFAB66F1B,61
COL51A2725D,LNFE82CDFD,BRW923A719A,2022-10-20,Push Notification,no_response,AGT751726B0,11
COL9D4BD614,LNFE82CDFD,BRW923A719A,2022-11-25,Push Notification,disputed,AGT730A7DFF,47
COL3C318C39,LNFE82CDFD,BRW923A719A,2022-11-15,WhatsApp,no_response,AGTB3CEAD3D,37
COLB1F91361,LN98D25EAF,BRW9282BA5C,2022-12-02,SMS,promise_to_pay,AGT751726B0,68
COLB5C8B06B,LN98D25EAF,BRW9282BA5C,2022-10-05,WhatsApp,disputed,AGT1EC297E1,10
COLE1D5C554,LN98D25EAF,BRW9282BA5C,2022-11-23,Call,no_response,AGT1EC297E1,59
COLA0EA9637,LN5E4DEB77,BRW9A0482E7,2023-06-24,WhatsApp,no_response,AGT97646EF0,63
COL6B1514F8,LN5E4DEB77,BRW9A0482E7,2023-04-27,Call,disputed,AGT751726B0,5
COL77A0FE50,LN5E4DEB77,BRW9A0482E7,2023-07-19,Push Notification,no_response,AGT8C983807,88
COLDF301481,LNCDD2873C,BRW3A68C3E4,2023-10-09,Push Notification,paid,AGTFAB66F1B,57
COLDC9381A0,LN1A41EC1D,BRW940CCBA6,2023-10-28,Call,no_response,AGTCADDCCF8,62
COLE885FAE4,LNCF49FD3C,BRW43EFEB3B,2023-10-13,SMS,disputed,AGT0C5F5076,48
COL84FB80A5,LNCF49FD3C,BRW43EFEB3B,2023-10-12,Call,no_response,AGTCADDCCF8,47
COL3E5275C9,LNE9282AE4,BRW9B32BBFA,2024-10-06,Call,no_response,AGTA10EC69F,24
COLFB023F7F,LNE9282AE4,BRW9B32BBFA,2024-09-17,WhatsApp,promise_to_pay,AGT1EC297E1,5
COLB348F86A,LND9F3B5FE,BRWFA45F663,2023-11-15,Call,no_response,AGTCADDCCF8,51
COLE478E8BA,LND9F3B5FE,BRWFA45F663,2023-10-03,SMS,paid,AGTCADDCCF8,8
COLAE6D4AB7,LN9051B5FF,BRWFB257F3B,2023-12-30,Call,no_response,AGT8C983807,20
COL12CAD531,LN9051B5FF,BRWFB257F3B,2024-02-28,SMS,no_response,AGTFAB66F1B,80
COLCDC23277,LN9051B5FF,BRWFB257F3B,2024-02-02,WhatsApp,promise_to_pay,AGT0C5F5076,54
COL7D4EE985,LN84B90CB7,BRWAC5CCB77,2024-09-09,Call,disputed,AGTB3CEAD3D,90
COL94741B69,LN84B90CB7,BRWAC5CCB77,2024-08-16,Call,no_response,AGT751726B0,66
COL2549ACCD,LN84B90CB7,BRWAC5CCB77,2024-06-29,Call,disputed,AGT8C983807,18
COLA41A9280,LN84B90CB7,BRWAC5CCB77,2024-08-26,WhatsApp,paid,AGTB3CEAD3D,76
COLDE50E27D,LN3C194CE8,BRW06371C55,2023-09-27,Push Notification,no_response,AGT9AF7C5BF,11
COL7C2C4300,LN3C194CE8,BRW06371C55,2023-10-13,SMS,no_response,AGT730A7DFF,27
COLAC9D124D,LN3C194CE8,BRW06371C55,2023-10-06,Push Notification,promise_to_pay,AGT751726B0,20
COLE5206B34,LN3C194CE8,BRW06371C55,2023-10-01,Call,no_response,AGTB3CEAD3D,15
COL6682322A,LN6F53E98F,BRW3D507AEA,2022-11-12,Call,paid,AGTFB787BD8,2
COLF787D1F8,LN6F53E98F,BRW3D507AEA,2023-01-05,Push Notification,no_response,AGT1EC297E1,56
COL45056096,LN6F53E98F,BRW3D507AEA,2022-12-11,SMS,no_response,AGT0C5F5076,31
COL8D9FA192,LN87A5EDE7,BRW88EF5D50,2024-11-06,WhatsApp,no_response,AGTFB787BD8,84
COL1C7232F9,LN87A5EDE7,BRW88EF5D50,2024-10-01,Call,paid,AGTFB787BD8,48
COL3358D22E,LN87A5EDE7,BRW88EF5D50,2024-10-19,WhatsApp,no_response,AGT0C5F5076,66
COL1779B167,LN87A5EDE7,BRW88EF5D50,2024-10-31,SMS,no_response,AGT730A7DFF,78
COLC64F8AA6,LNB21DBBE2,BRWAA454736,2023-10-26,Push Notification,no_response,AGTA10EC69F,15
COL69789755,LNB21DBBE2,BRWAA454736,2023-11-12,SMS,no_response,AGT97646EF0,32
COLBA3CE9D1,LNB21DBBE2,BRWAA454736,2024-01-03,WhatsApp,no_response,AGT1EC297E1,84
COL04CB80BE,LNBDA514AF,BRWC46572D6,2024-07-25,SMS,paid,AGT9AF7C5BF,81
COL0F7C8F62,LN820CF330,BRW1887BD82,2024-10-17,WhatsApp,no_response,AGT0C5F5076,46
COL474A7B6B,LN820CF330,BRW1887BD82,2024-11-16,WhatsApp,no_response,AGT9AF7C5BF,76
COLC1A88849,LN8F58C5C4,BRW09E8222E,2024-09-04,WhatsApp,promise_to_pay,AGTA10EC69F,58
COLAFD045DE,LN8F58C5C4,BRW09E8222E,2024-07-11,Push Notification,promise_to_pay,AGTFAB66F1B,3
COLE96CBB47,LN8F58C5C4,BRW09E8222E,2024-08-15,SMS,paid,AGT730A7DFF,38
COLBBF20773,LN8F58C5C4,BRW09E8222E,2024-07-31,WhatsApp,paid,AGT730A7DFF,23
COL72253CE5,LN8F58C5C4,BRW09E8222E,2024-09-09,Push Notification,paid,AGTB3CEAD3D,63
COL6DB8B656,LNFF52E53D,BRW1BA131D5,2022-10-02,SMS,paid,AGT751726B0,58
COL0166AD92,LN5A753AED,BRW57B5EB75,2023-09-15,SMS,paid,AGTFAB66F1B,3
COL95F21B03,LN5A753AED,BRW57B5EB75,2023-10-12,SMS,no_response,AGT9AF7C5BF,30
COL3D727F28,LN5A753AED,BRW57B5EB75,2023-09-30,Call,promise_to_pay,AGT9AF7C5BF,18
COL8AA255E3,LN5A753AED,BRW57B5EB75,2023-10-28,Call,disputed,AGT9AF7C5BF,46
COLF85F3E86,LNF5ADF090,BRW8E28A9CB,2024-10-19,Push Notification,no_response,AGTFAB66F1B,34
COL6794C593,LNF5ADF090,BRW8E28A9CB,2024-10-28,Call,no_response,AGTA10EC69F,43
COL7DA649AB,LNF5ADF090,BRW8E28A9CB,2024-11-15,SMS,disputed,AGTCADDCCF8,61
COL1ABE3A2E,LNF5ADF090,BRW8E28A9CB,2024-09-26,Call,paid,AGT97646EF0,11
COLE13476DC,LNF99E1661,BRWF3AD9788,2023-03-30,Push Notification,no_response,AGTCADDCCF8,33
COL65414638,LNF99E1661,BRWF3AD9788,2023-03-19,Call,paid,AGT730A7DFF,22
COL8633C904,LN8EF4BBBA,BRW34F43DDE,2024-08-12,WhatsApp,no_response,AGT9AF7C5BF,19
COL727C6038,LN8EF4BBBA,BRW34F43DDE,2024-10-06,SMS,no_response,AGT730A7DFF,74
COL9D76A327,LN8EF4BBBA,BRW34F43DDE,2024-10-08,SMS,no_response,AGTB3CEAD3D,76
COL9749FDAC,LN8EF4BBBA,BRW34F43DDE,2024-10-07,SMS,promise_to_pay,AGT751726B0,75
COLBC88EB0D,LNEEAA9806,BRW804F270A,2024-08-30,SMS,no_response,AGTFAB66F1B,13
COLE71BB2F9,LNEEAA9806,BRW804F270A,2024-10-15,SMS,promise_to_pay,AGT97646EF0,59
COLD7FD33C6,LNEEAA9806,BRW804F270A,2024-08-27,WhatsApp,no_response,AGT9AF7C5BF,10
COL1DA8D266,LN12F25A80,BRW2E214AF1,2023-05-11,WhatsApp,disputed,AGTFAB66F1B,74
COL2002A243,LN12F25A80,BRW2E214AF1,2023-05-22,WhatsApp,promise_to_pay,AGT8C983807,85
COL656882C1,LN12F25A80,BRW2E214AF1,2023-03-24,Call,no_response,AGT751726B0,26
COLD062CCC3,LN9650D4A5,BRW2E214AF1,2024-02-28,WhatsApp,no_response,AGT9AF7C5BF,22
COLAD56ED3F,LN9650D4A5,BRW2E214AF1,2024-03-12,WhatsApp,promise_to_pay,AGT8C983807,35
COL57992B25,LN9650D4A5,BRW2E214AF1,2024-04-24,SMS,no_response,AGT0C5F5076,78
COL0318743D,LN9650D4A5,BRW2E214AF1,2024-02-28,SMS,disputed,AGT751726B0,22
COLF3C5C724,LN9650D4A5,BRW2E214AF1,2024-03-31,Push Notification,no_response,AGTFB787BD8,54
COL26758039,LNCB14CC1E,BRWB8D74D8A,2024-11-05,Call,disputed,AGT8C983807,58
COLF959800D,LNCB14CC1E,BRWB8D74D8A,2024-10-02,Push Notification,no_response,AGTFAB66F1B,24
COLBF6369B8,LNCB14CC1E,BRWB8D74D8A,2024-10-13,Call,no_response,AGT97646EF0,35
COL0A6B2EC6,LND90F3DA7,BRW8E0CE53B,2022-09-14,Push Notification,no_response,AGT97646EF0,56
COL6580E93A,LND90F3DA7,BRW8E0CE53B,2022-07-22,Push Notification,promise_to_pay,AGTA10EC69F,2
COL80281988,LND90F3DA7,BRW8E0CE53B,2022-10-01,Call,disputed,AGT751726B0,73
COLC7FB524B,LND90F3DA7,BRW8E0CE53B,2022-07-25,Push Notification,no_response,AGTA10EC69F,5
COL0D4EA3A7,LND90F3DA7,BRW8E0CE53B,2022-08-25,Call,paid,AGTFAB66F1B,36
COLA0D7BFAA,LN4BD2FB99,BRW17D62396,2023-12-03,Call,no_response,AGTFAB66F1B,80
COLC14B2A1D,LN4BD2FB99,BRW17D62396,2023-11-25,SMS,promise_to_pay,AGT97646EF0,72
COL6D2A6813,LN4BD2FB99,BRW17D62396,2023-10-09,WhatsApp,promise_to_pay,AGTFB787BD8,25
COLC248E7E9,LN262E2681,BRW9C1EE42D,2024-02-17,SMS,no_response,AGTB3CEAD3D,49
COLA8DCCFBC,LN262E2681,BRW9C1EE42D,2024-03-22,Push Notification,no_response,AGTCADDCCF8,83
COL53B79143,LNFE694738,BRWA37DC4BC,2024-11-26,SMS,paid,AGT9AF7C5BF,59
COLFD2FC4A9,LNFE694738,BRWA37DC4BC,2024-11-23,SMS,no_response,AGT97646EF0,56
COLF480E9E4,LNFE694738,BRWA37DC4BC,2024-11-18,Call,no_response,AGTCADDCCF8,51
COL6D5A870E,LNFE694738,BRWA37DC4BC,2024-12-13,SMS,no_response,AGTA10EC69F,76
COLF1CCD161,LNFE694738,BRWA37DC4BC,2024-11-13,SMS,paid,AGTFAB66F1B,46
COL4E43ECCE,LN8E55A659,BRWF1898BDA,2023-10-26,WhatsApp,paid,AGT8C983807,36
COL236207AF,LN8E55A659,BRWF1898BDA,2023-09-22,Call,disputed,AGT1EC297E1,2
COLE7A58BBD,LN8E8E5476,BRWA60E3BAA,2022-09-24,Push Notification,no_response,AGTFB787BD8,62
COL36B52B80,LN54296814,BRW713F0D26,2023-08-08,Call,no_response,AGT97646EF0,64
COL2C1797C7,LN54296814,BRW713F0D26,2023-07-24,WhatsApp,no_response,AGTB3CEAD3D,49
COL60F54B05,LN76FB469A,BRWBC6D4706,2023-01-12,Call,paid,AGT751726B0,35
COL3C870A29,LN88109B0C,BRWE1859BFF,2023-04-15,WhatsApp,paid,AGTB3CEAD3D,55
COL4F21405C,LN88109B0C,BRWE1859BFF,2023-04-28,WhatsApp,no_response,AGTFAB66F1B,68
COLD2CDD3D4,LN88109B0C,BRWE1859BFF,2023-05-06,Call,disputed,AGT751726B0,76
COL203FAEA1,LN88109B0C,BRWE1859BFF,2023-05-20,Call,disputed,AGTCADDCCF8,90
COL9A8EB981,LN88109B0C,BRWE1859BFF,2023-04-10,SMS,no_response,AGT0C5F5076,50
COLCCB70AA7,LNC646F043,BRWD8CAAC28,2023-12-06,Call,no_response,AGTFB787BD8,85
COL79E84BA1,LNC646F043,BRWD8CAAC28,2023-11-16,SMS,no_response,AGT8C983807,65
COL0D1A67D1,LNE5085224,BRW47FA421C,2024-04-30,Call,no_response,AGTCADDCCF8,6
COLC6E50697,LNE5085224,BRW47FA421C,2024-05-03,Call,paid,AGTFAB66F1B,9
COL7710AF4C,LNE5085224,BRW47FA421C,2024-06-11,Call,paid,AGTCADDCCF8,48
COLD72F7B47,LN962DE17C,BRW7F05D2B5,2022-08-28,WhatsApp,promise_to_pay,AGT8C983807,36
COL0DE781E2,LN962DE17C,BRW7F05D2B5,2022-07-26,Push Notification,paid,AGT1EC297E1,3
COL013D18B7,LN6FD8F9F4,BRW7A424062,2023-02-23,WhatsApp,no_response,AGTFB787BD8,26
COL9353BF78,LN6FD8F9F4,BRW7A424062,2023-03-22,Call,promise_to_pay,AGTCADDCCF8,53
COLA6BCCFEE,LN6FD8F9F4,BRW7A424062,2023-03-11,Call,no_response,AGT97646EF0,42
COLDF2401FF,LN6FD8F9F4,BRW7A424062,2023-04-02,SMS,no_response,AGTCADDCCF8,64
COL9FE7E580,LN6FD8F9F4,BRW7A424062,2023-04-11,Call,promise_to_pay,AGT9AF7C5BF,73
COL803FD22A,LN5B16852E,BRWDD080942,2024-02-18,SMS,no_response,AGT9AF7C5BF,20
COL7739792D,LN5B16852E,BRWDD080942,2024-04-14,SMS,paid,AGT730A7DFF,76
COLB4C4EFEE,LN33070D1B,BRW27C1D6F4,2023-10-27,SMS,paid,AGTA10EC69F,53
COLF9956674,LN58DF23A7,BRW8B2D2880,2024-07-29,WhatsApp,paid,AGT0C5F5076,28
COLB2538CF8,LN58DF23A7,BRW8B2D2880,2024-07-10,Push Notification,promise_to_pay,AGTA10EC69F,9
COL044F5D2F,LN58DF23A7,BRW8B2D2880,2024-09-29,SMS,no_response,AGT97646EF0,90
COLFBEB5028,LN1EBC8289,BRW9C2BFB62,2024-02-02,Call,no_response,AGT751726B0,42
COL24451DF8,LN84AF0790,BRW376B371A,2022-09-22,SMS,no_response,AGT8C983807,58
COLDFD3E5D3,LN84AF0790,BRW376B371A,2022-09-02,Call,paid,AGT0C5F5076,38
COLF105208F,LN84AF0790,BRW376B371A,2022-07-29,Call,no_response,AGTFAB66F1B,3
COL2B87C295,LN84AF0790,BRW376B371A,2022-08-09,WhatsApp,no_response,AGT730A7DFF,14
COL56F5FD69,LN84AF0790,BRW376B371A,2022-08-26,Push Notification,paid,AGT0C5F5076,31
COLA02317D7,LN06933DBF,BRWDD8F87F0,2024-05-08,WhatsApp,no_response,AGT8C983807,28
COLA49651B5,LN06933DBF,BRWDD8F87F0,2024-04-16,WhatsApp,no_response,AGT8C983807,6
COL84D4DE00,LN092BE2A6,BRWC4B53247,2024-03-21,WhatsApp,paid,AGT8C983807,25
COL44E794BF,LN092BE2A6,BRWC4B53247,2024-05-16,Call,disputed,AGTFAB66F1B,81
COLCCB673E1,LNC9E5AEDE,BRWE32EB5C8,2023-10-10,WhatsApp,no_response,AGT1EC297E1,3
COL15D63A3A,LNC9E5AEDE,BRWE32EB5C8,2023-11-08,SMS,no_response,AGTCADDCCF8,32
COL512AA4F1,LNC9E5AEDE,BRWE32EB5C8,2023-11-18,Push Notification,paid,AGTFAB66F1B,42
COLDADBB1E2,LN675997E6,BRWFBE9DE76,2024-05-17,Push Notification,paid,AGT97646EF0,85
COL533710BA,LNCEDE1BFB,BRWD349CC45,2022-08-11,WhatsApp,no_response,AGT97646EF0,51
COL4A3A964E,LNB00B69AA,BRWD349CC45,2024-07-06,Push Notification,paid,AGT97646EF0,83
COLA31B0C7E,LNB00B69AA,BRWD349CC45,2024-07-12,Call,paid,AGTA10EC69F,89
COLE69D5E88,LNB00B69AA,BRWD349CC45,2024-06-18,WhatsApp,no_response,AGTFB787BD8,65
COLE0C6B3AD,LN7637F6BA,BRW35F49CCA,2022-12-25,SMS,paid,AGTFAB66F1B,62
COLBAEF59F0,LN7637F6BA,BRW35F49CCA,2022-11-06,Call,promise_to_pay,AGTA10EC69F,13
COL901E299E,LN58259181,BRW2A66B2A8,2023-12-22,Call,paid,AGTFAB66F1B,51
COL1C7F9FBD,LN624D0ECA,BRW090EEB9E,2023-03-17,WhatsApp,paid,AGT0C5F5076,2
COLCBD28845,LN624D0ECA,BRW090EEB9E,2023-04-24,WhatsApp,no_response,AGTFB787BD8,40
COLF8C835C9,LN624D0ECA,BRW090EEB9E,2023-04-27,SMS,no_response,AGT1EC297E1,43
COL82D48AB5,LN624D0ECA,BRW090EEB9E,2023-04-07,Push Notification,paid,AGTFB787BD8,23
COL4D7911E3,LN947D1467,BRW250C2A8C,2023-11-05,WhatsApp,promise_to_pay,AGTFB787BD8,41
COL8E159250,LN947D1467,BRW250C2A8C,2023-10-24,Call,no_response,AGTCADDCCF8,29
COLC2E7C113,LN947D1467,BRW250C2A8C,2023-11-10,SMS,paid,AGT1EC297E1,46
COL51B7A111,LNF4A47C79,BRW1F04335F,2022-12-30,SMS,no_response,AGT8C983807,11
COL712E4E72,LND34D1DB1,BRWC4D9FC40,2024-08-26,SMS,promise_to_pay,AGT8C983807,74
COL883E7BAB,LN5BC91451,BRW5E5E3C4F,2023-09-30,SMS,disputed,AGTA10EC69F,40
COL8B493435,LN5BC91451,BRW5E5E3C4F,2023-09-30,SMS,paid,AGT8C983807,40
COLFFF1DD10,LN5BC91451,BRW5E5E3C4F,2023-10-28,Push Notification,promise_to_pay,AGTFAB66F1B,68
COLC0C043E3,LNC24D7F39,BRW7F3533B8,2023-11-06,Push Notification,no_response,AGTCADDCCF8,43
COL8590B72D,LNC24D7F39,BRW7F3533B8,2023-11-15,WhatsApp,promise_to_pay,AGT0C5F5076,52
COL104B03BE,LNDAEDE32D,BRW0CA91807,2022-11-16,Call,no_response,AGT1EC297E1,54
COLF08B8D0D,LNDAEDE32D,BRW0CA91807,2022-11-26,Call,no_response,AGTFAB66F1B,64
COL9F3F4898,LNDAEDE32D,BRW0CA91807,2022-11-03,WhatsApp,paid,AGT0C5F5076,41
COL9F608CED,LN53DE5BE9,BRWF5DBDEE8,2024-09-16,SMS,promise_to_pay,AGT0C5F5076,64
COL4F10870F,LN53DE5BE9,BRWF5DBDEE8,2024-07-20,SMS,promise_to_pay,AGTA10EC69F,6
COL470F5241,LN53DE5BE9,BRWF5DBDEE8,2024-07-17,Call,promise_to_pay,AGTA10EC69F,3
COLE134ACE9,LN53DE5BE9,BRWF5DBDEE8,2024-09-19,Push Notification,no_response,AGTB3CEAD3D,67
COL46F81B9C,LN53DE5BE9,BRWF5DBDEE8,2024-09-11,Push Notification,paid,AGTFAB66F1B,59
COL6F5B32C6,LN18B0FE81,BRWA29739F5,2023-01-07,Call,promise_to_pay,AGT730A7DFF,75
COL1BFECA2F,LN38D41ED5,BRW0CB6F060,2023-11-03,Push Notification,no_response,AGT0C5F5076,52
COL2A6FF7A6,LN38D41ED5,BRW0CB6F060,2023-10-27,Push Notification,paid,AGT730A7DFF,45
COL7EDC730D,LN38D41ED5,BRW0CB6F060,2023-10-21,SMS,disputed,AGT8C983807,39
COLA7932400,LN38D41ED5,BRW0CB6F060,2023-12-09,Push Notification,no_response,AGTA10EC69F,88
COLF425BCB0,LN4F69375D,BRWD561C424,2024-04-01,Call,promise_to_pay,AGT0C5F5076,12
COL165B6F1F,LN4F69375D,BRWD561C424,2024-04-15,Call,no_response,AGT730A7DFF,26
COL5DF9EEB4,LN4F69375D,BRWD561C424,2024-04-19,Push Notification,paid,AGTCADDCCF8,30
COL267E3607,LN4F69375D,BRWD561C424,2024-06-02,Push Notification,disputed,AGT8C983807,74
COLB1CD4BC9,LN1968BA92,BRW83955C5F,2023-06-10,Push Notification,paid,AGT0C5F5076,26
COL3BC846F4,LN1968BA92,BRW83955C5F,2023-08-01,Push Notification,paid,AGT8C983807,78
COLC07F5738,LN1968BA92,BRW83955C5F,2023-06-01,SMS,no_response,AGT9AF7C5BF,17
COL64D17801,LN1968BA92,BRW83955C5F,2023-05-25,WhatsApp,paid,AGT97646EF0,10
COLD45D8C91,LN1968BA92,BRW83955C5F,2023-07-03,SMS,promise_to_pay,AGTB3CEAD3D,49
COL1501AE97,LNF6A0C8A4,BRWCBA749F0,2024-07-17,WhatsApp,paid,AGTB3CEAD3D,27
COLB6A22D9D,LN317752CA,BRW78CC900B,2024-12-16,WhatsApp,no_response,AGT8C983807,86
COLE03D9487,LN317752CA,BRW78CC900B,2024-12-12,WhatsApp,promise_to_pay,AGT0C5F5076,82
COLFB3A33B1,LN317752CA,BRW78CC900B,2024-10-23,WhatsApp,no_response,AGTFB787BD8,32
COLBD213598,LN317752CA,BRW78CC900B,2024-10-05,Call,promise_to_pay,AGTA10EC69F,14
COL0C3CC7E0,LN4DC35900,BRWC899B504,2023-07-22,WhatsApp,disputed,AGT751726B0,53
COL3E3AD3B9,LN4DC35900,BRWC899B504,2023-07-18,Push Notification,no_response,AGTFAB66F1B,49
COL66EC142D,LN4DC35900,BRWC899B504,2023-06-19,SMS,disputed,AGTA10EC69F,20
COLC6D7EACB,LND37B012F,BRW07AECD87,2024-08-10,WhatsApp,no_response,AGT0C5F5076,59
COL20B8BC75,LND37B012F,BRW07AECD87,2024-06-15,WhatsApp,no_response,AGT751726B0,3
COL5CC1AE6C,LND37B012F,BRW07AECD87,2024-06-28,Push Notification,paid,AGT751726B0,16
COLD0D7673E,LNF174A3E9,BRWCB3A363C,2024-05-09,SMS,no_response,AGT1EC297E1,47
COLED080B32,LNF174A3E9,BRWCB3A363C,2024-05-24,Push Notification,no_response,AGT8C983807,62
COLB444064E,LNF174A3E9,BRWCB3A363C,2024-04-01,Call,paid,AGT9AF7C5BF,9
COL2CF51668,LN94BBC97E,BRW0939F16F,2023-06-04,Call,no_response,AGT0C5F5076,23
COL9C16B313,LN94BBC97E,BRW0939F16F,2023-07-14,WhatsApp,no_response,AGTA10EC69F,63
COL37117623,LN94BBC97E,BRW0939F16F,2023-06-14,Push Notification,promise_to_pay,AGT0C5F5076,33
COL35F0A54A,LN94BBC97E,BRW0939F16F,2023-06-09,SMS,paid,AGT730A7DFF,28
COLADAD6845,LN974D3D28,BRW4FD8E719,2023-11-07,Push Notification,no_response,AGTFAB66F1B,37
COL5AAB5827,LN974D3D28,BRW4FD8E719,2023-11-27,SMS,paid,AGTA10EC69F,57
COL9C80E3A1,LN974D3D28,BRW4FD8E719,2023-12-08,WhatsApp,no_response,AGTFAB66F1B,68
COLF5CFC46C,LN7F8C2E32,BRW696BCC97,2023-02-14,Push Notification,no_response,AGTFB787BD8,68
COLE0E93B44,LN7F8C2E32,BRW696BCC97,2023-03-07,WhatsApp,paid,AGTFB787BD8,89
COL630C52D8,LN7F8C2E32,BRW696BCC97,2023-03-03,SMS,disputed,AGT751726B0,85
COLAC0E58D8,LN2AFBAB5D,BRW2ECC2BE3,2022-10-22,Call,no_response,AGT0C5F5076,2
COL0B1DAA1F,LN2AFBAB5D,BRW2ECC2BE3,2022-12-28,WhatsApp,no_response,AGTFAB66F1B,69
COL2A20189C,LN2AFBAB5D,BRW2ECC2BE3,2022-11-03,Push Notification,promise_to_pay,AGT8C983807,14
COL8A83548D,LN2AFBAB5D,BRW2ECC2BE3,2022-12-20,Push Notification,promise_to_pay,AGT8C983807,61
COL9A6ABF7E,LN2AFBAB5D,BRW2ECC2BE3,2022-12-15,WhatsApp,promise_to_pay,AGT0C5F5076,56
COLF0D65656,LN52D75D5B,BRW889FD786,2024-10-02,Push Notification,promise_to_pay,AGT8C983807,3
COL1A575251,LN52D75D5B,BRW889FD786,2024-10-24,WhatsApp,no_response,AGTCADDCCF8,25
COLBBBA5E2B,LNA90700BE,BRWF9324C8E,2022-11-02,Call,paid,AGTFAB66F1B,36
COLA8AFD9C3,LNA90700BE,BRWF9324C8E,2022-10-08,SMS,paid,AGT9AF7C5BF,11
COLF8C2768D,LNA90700BE,BRWF9324C8E,2022-10-23,WhatsApp,paid,AGT9AF7C5BF,26
COL0E666EBA,LNA90700BE,BRWF9324C8E,2022-12-04,SMS,promise_to_pay,AGT97646EF0,68
COL9FBFEFD7,LN03CDFBE3,BRW5B902A17,2023-06-22,Push Notification,paid,AGT1EC297E1,46
COL510BF0DB,LN03CDFBE3,BRW5B902A17,2023-05-21,Call,paid,AGTFAB66F1B,14
COLEF612EE8,LN03CDFBE3,BRW5B902A17,2023-06-30,Call,promise_to_pay,AGTA10EC69F,54
COLDE070CB1,LN03CDFBE3,BRW5B902A17,2023-07-27,Push Notification,paid,AGT1EC297E1,81
COL136908AC,LN44ADC92D,BRW596C0BFB,2022-12-11,Push Notification,paid,AGTFB787BD8,88
COL93C80130,LN44ADC92D,BRW596C0BFB,2022-11-20,WhatsApp,no_response,AGTCADDCCF8,67
COL3BD33C7B,LN44ADC92D,BRW596C0BFB,2022-09-18,WhatsApp,no_response,AGT97646EF0,4
COL75973749,LN4D0A60F2,BRWD53DE174,2024-01-03,SMS,no_response,AGTCADDCCF8,59
COL5CC48679,LN4D0A60F2,BRWD53DE174,2024-01-16,Call,promise_to_pay,AGTA10EC69F,72
COL7919A5D4,LN4D0A60F2,BRWD53DE174,2023-12-20,Call,paid,AGTCADDCCF8,45
COL44C8E4D6,LN4D0A60F2,BRWD53DE174,2023-11-08,WhatsApp,no_response,AGT97646EF0,3
COL21BD791E,LN4D0A60F2,BRWD53DE174,2023-11-13,Call,no_response,AGT0C5F5076,8
COL2DA8385E,LN62DD0CAF,BRWC17823FB,2024-11-11,SMS,no_response,AGTA10EC69F,45
COL5D824397,LN6C746D6E,BRW2DCFF3CD,2023-11-16,WhatsApp,no_response,AGTA10EC69F,78
COL2A9EDD68,LN24281F7C,BRW3C05E06F,2023-05-05,SMS,promise_to_pay,AGT8C983807,20
COL80C835B8,LN24281F7C,BRW3C05E06F,2023-05-22,SMS,paid,AGT97646EF0,37
COL5861BFEE,LN24281F7C,BRW3C05E06F,2023-06-01,Push Notification,disputed,AGTFB787BD8,47
COLF9612F14,LN24281F7C,BRW3C05E06F,2023-04-25,Call,no_response,AGT8C983807,10
COLD14C73C7,LNEB5DC754,BRWC5728E55,2023-08-05,Call,no_response,AGT0C5F5076,9
COL3B8A7F24,LNEB5DC754,BRWC5728E55,2023-09-03,Push Notification,paid,AGT0C5F5076,38
COLF0B956C6,LNEB5DC754,BRWC5728E55,2023-10-04,WhatsApp,no_response,AGT1EC297E1,69
COLEC78DED4,LN7476B6D5,BRWF80B364D,2022-08-16,Push Notification,promise_to_pay,AGT730A7DFF,53
COL6579E7AC,LN7476B6D5,BRWF80B364D,2022-07-24,WhatsApp,disputed,AGT97646EF0,30
COL1DF7010A,LN7476B6D5,BRWF80B364D,2022-08-13,Call,paid,AGTB3CEAD3D,50
COL2B12A9B8,LN7476B6D5,BRWF80B364D,2022-06-27,Call,paid,AGTFB787BD8,3
COL1B9CF739,LNB971A517,BRWF80B364D,2024-04-17,SMS,no_response,AGTB3CEAD3D,62
COL9554A241,LNB971A517,BRWF80B364D,2024-03-20,Push Notification,no_response,AGT1EC297E1,34
COL1A79E780,LNB971A517,BRWF80B364D,2024-02-26,Call,no_response,AGT0C5F5076,11
COL8B6C83A2,LNB971A517,BRWF80B364D,2024-04-02,WhatsApp,promise_to_pay,AGT97646EF0,47
COL559EE6CC,LNB971A517,BRWF80B364D,2024-04-21,SMS,no_response,AGT97646EF0,66
COLD88DF570,LN2EAE07B5,BRW14EEF678,2023-02-07,SMS,no_response,AGT730A7DFF,75
COL638C69FE,LN2EAE07B5,BRW14EEF678,2022-12-06,SMS,promise_to_pay,AGT751726B0,12
COLBC9FC551,LNA7E376EE,BRW7B6D160D,2024-10-04,SMS,no_response,AGT751726B0,49
COL23DC4A26,LNA7E376EE,BRW7B6D160D,2024-11-10,SMS,paid,AGT730A7DFF,86
COLDA99E09B,LN6A9CCC43,BRW4818B2D6,2024-07-01,Call,no_response,AGT730A7DFF,4
COL0A7502D9,LN6A9CCC43,BRW4818B2D6,2024-08-01,Call,no_response,AGT1EC297E1,35
COL285216FB,LN6A9CCC43,BRW4818B2D6,2024-06-28,SMS,paid,AGTA10EC69F,1
COLCACA5973,LN6A9CCC43,BRW4818B2D6,2024-09-22,Push Notification,promise_to_pay,AGTFB787BD8,87
COLD8856B84,LN6A9CCC43,BRW4818B2D6,2024-09-04,Push Notification,paid,AGTCADDCCF8,69
COL93ED7315,LNB67861C4,BRWDA01300B,2023-12-03,WhatsApp,promise_to_pay,AGT0C5F5076,63
COLBD474D76,LNB67861C4,BRWDA01300B,2023-10-09,Call,disputed,AGT8C983807,8
COL744038FD,LNB67861C4,BRWDA01300B,2023-10-07,WhatsApp,promise_to_pay,AGTA10EC69F,6
COL8C25E60A,LNB67861C4,BRWDA01300B,2023-12-26,WhatsApp,paid,AGT8C983807,86
COL4393A8C9,LNB67861C4,BRWDA01300B,2023-10-28,Push Notification,no_response,AGT1EC297E1,27
COL14CFB271,LNE86B03A9,BRW804508DE,2024-03-29,Push Notification,no_response,AGT730A7DFF,20
COL8F667EF4,LNE86B03A9,BRW804508DE,2024-05-14,WhatsApp,no_response,AGT8C983807,66
COL327E1D3F,LN16DC349D,BRWA2432257,2024-03-09,Call,no_response,AGT97646EF0,14
COL5DC47495,LN16DC349D,BRWA2432257,2024-03-16,Call,paid,AGT9AF7C5BF,21
COL93FE11A2,LN3B052AB7,BRW947BDDE0,2024-01-01,SMS,no_response,AGTFB787BD8,12
COLE6C4D617,LN3B052AB7,BRW947BDDE0,2024-03-05,Push Notification,no_response,AGT8C983807,76
COLFD7B902C,LN2A5D233C,BRW1C0E93A8,2023-07-27,Push Notification,promise_to_pay,AGTCADDCCF8,21
COL754B91A4,LN2A5D233C,BRW1C0E93A8,2023-08-07,SMS,no_response,AGTFB787BD8,32
COLA88536C4,LN2A5D233C,BRW1C0E93A8,2023-09-21,Call,paid,AGTA10EC69F,77
COL10045A67,LN2A5D233C,BRW1C0E93A8,2023-07-19,WhatsApp,no_response,AGTA10EC69F,13
COL4AE89BF2,LN2A5D233C,BRW1C0E93A8,2023-07-24,Call,no_response,AGT9AF7C5BF,18
COL44CBB7F4,LN687D8AAA,BRW55FA8471,2024-04-17,Call,paid,AGTFB787BD8,44
COLFA229455,LN687D8AAA,BRW55FA8471,2024-05-12,WhatsApp,paid,AGT1EC297E1,69
COLBB32F06E,LN687D8AAA,BRW55FA8471,2024-04-13,Push Notification,disputed,AGT730A7DFF,40
COL87D99711,LNA4652BB5,BRW96D6B98D,2023-08-04,Call,no_response,AGT0C5F5076,39
COL1DCC0618,LN4C589773,BRW178EF97E,2024-02-24,Push Notification,paid,AGTFB787BD8,26
COL18340669,LN4C589773,BRW178EF97E,2024-03-25,SMS,no_response,AGTFB787BD8,56
COL71055973,LN4C589773,BRW178EF97E,2024-03-30,SMS,no_response,AGT97646EF0,61
COL915B3E76,LN4C589773,BRW178EF97E,2024-03-25,Push Notification,paid,AGT0C5F5076,56
COL0C77F9A5,LN3F2C0DBD,BRW69A24666,2024-03-24,SMS,no_response,AGT751726B0,6
COLA7EB9940,LN3F2C0DBD,BRW69A24666,2024-04-06,Push Notification,promise_to_pay,AGTFAB66F1B,19
COLAFF11351,LN3F2C0DBD,BRW69A24666,2024-04-26,WhatsApp,paid,AGT751726B0,39
COLC718C729,LN55E5E30C,BRWBD14DF9C,2022-10-07,WhatsApp,promise_to_pay,AGTCADDCCF8,59
COL2F5C65FA,LN55E5E30C,BRWBD14DF9C,2022-08-20,SMS,disputed,AGT0C5F5076,11
COLE5719F6F,LN55E5E30C,BRWBD14DF9C,2022-09-18,SMS,no_response,AGT9AF7C5BF,40
COL73276DE3,LN55E5E30C,BRWBD14DF9C,2022-10-05,Call,promise_to_pay,AGTFAB66F1B,57
COLAABD9F34,LN80156D19,BRWBD14DF9C,2024-05-31,Call,no_response,AGTCADDCCF8,76
COL17A69553,LN80156D19,BRWBD14DF9C,2024-06-03,SMS,promise_to_pay,AGTB3CEAD3D,79
COLAA13B3DD,LN80156D19,BRWBD14DF9C,2024-05-13,WhatsApp,no_response,AGT8C983807,58
COL263A5CCF,LNFF1B094B,BRW0224C91E,2022-08-29,SMS,no_response,AGT8C983807,42
COL86AC3E11,LNFF1B094B,BRW0224C91E,2022-10-05,Call,promise_to_pay,AGTFB787BD8,79
COLBC29E795,LNFF1B094B,BRW0224C91E,2022-09-16,Push Notification,no_response,AGT751726B0,60
COL95030B00,LNFF1B094B,BRW0224C91E,2022-08-17,Call,paid,AGT1EC297E1,30
COLE648C89D,LNFF1B094B,BRW0224C91E,2022-09-19,Push Notification,paid,AGTCADDCCF8,63
COL4C561379,LND68D4A86,BRW1C46C70D,2023-09-03,SMS,no_response,AGTFAB66F1B,36
COL5E062397,LND68D4A86,BRW1C46C70D,2023-09-18,SMS,promise_to_pay,AGTFB787BD8,51
COL34A5A67B,LND68D4A86,BRW1C46C70D,2023-10-06,WhatsApp,no_response,AGT751726B0,69
COLB64A345D,LND68D4A86,BRW1C46C70D,2023-08-29,SMS,no_response,AGTFAB66F1B,31
COL81759060,LN538993C1,BRWC2D3B3F3,2024-02-03,Push Notification,paid,AGT97646EF0,2
COL2BBD8AC1,LN538993C1,BRWC2D3B3F3,2024-03-24,SMS,promise_to_pay,AGTFAB66F1B,52
COL708F19E9,LN538993C1,BRWC2D3B3F3,2024-03-05,Push Notification,promise_to_pay,AGTA10EC69F,33
COL666B4C55,LN538993C1,BRWC2D3B3F3,2024-03-30,WhatsApp,promise_to_pay,AGT8C983807,58
COL092B9CFE,LN538993C1,BRWC2D3B3F3,2024-04-01,Call,promise_to_pay,AGTA10EC69F,60
COL1D0B60DD,LN3ED2609C,BRWF25F244A,2024-10-29,Push Notification,paid,AGT1EC297E1,62
COL8D09BEB8,LN3ED2609C,BRWF25F244A,2024-10-16,WhatsApp,promise_to_pay,AGT751726B0,49
COLAAB8CBC7,LNF4218941,BRW12EAA490,2024-08-03,Call,no_response,AGTFB787BD8,34
COL6EB3D04F,LNF4218941,BRW12EAA490,2024-09-11,Call,no_response,AGTFAB66F1B,73
COLF8F24488,LNF4218941,BRW12EAA490,2024-09-08,WhatsApp,disputed,AGT730A7DFF,70
COLC6C25EB7,LNF4218941,BRW12EAA490,2024-07-30,Push Notification,promise_to_pay,AGT97646EF0,30
COL256753D4,LNEEB50407,BRW67FC6E04,2023-11-05,Push Notification,no_response,AGTFB787BD8,73
COL7D31758D,LNEEB50407,BRW67FC6E04,2023-11-08,WhatsApp,no_response,AGTB3CEAD3D,76
COLF3F389B7,LNEEB50407,BRW67FC6E04,2023-10-05,Push Notification,promise_to_pay,AGTFB787BD8,42
COLC1A26CA9,LN7AFDA3F0,BRW65417050,2024-10-31,SMS,paid,AGT9AF7C5BF,38
COL52A0727A,LN7AFDA3F0,BRW65417050,2024-10-30,Push Notification,promise_to_pay,AGT0C5F5076,37
COLE630FDAC,LN7AFDA3F0,BRW65417050,2024-12-13,Call,no_response,AGTFAB66F1B,81
COLE2F82F9F,LN5AF58F10,BRWEE067808,2024-06-16,SMS,paid,AGTB3CEAD3D,14
COL6D586A1B,LN558796DC,BRWF9F76DEA,2023-08-03,Call,promise_to_pay,AGTB3CEAD3D,50
COLB9C707F7,LN558796DC,BRWF9F76DEA,2023-09-01,Call,promise_to_pay,AGTA10EC69F,79
COLC2D3E34A,LN558796DC,BRWF9F76DEA,2023-06-24,SMS,no_response,AGT730A7DFF,10
COLEFD39B49,LN558796DC,BRWF9F76DEA,2023-08-19,WhatsApp,paid,AGTA10EC69F,66
COL8D862E00,LN7B4B875F,BRW1E83116F,2022-11-19,Call,promise_to_pay,AGT1EC297E1,11
COLD5D6C78A,LN7B4B875F,BRW1E83116F,2023-01-19,SMS,promise_to_pay,AGT9AF7C5BF,72
COL38D149D0,LN7B4B875F,BRW1E83116F,2022-12-03,WhatsApp,no_response,AGT9AF7C5BF,25
COL16095982,LN7B4B875F,BRW1E83116F,2023-01-21,Push Notification,promise_to_pay,AGT1EC297E1,74
COL0B9B8737,LN7B4B875F,BRW1E83116F,2022-11-25,Push Notification,promise_to_pay,AGT0C5F5076,17
COL6EF77602,LN04971DA3,BRWABAE043E,2024-06-15,WhatsApp,promise_to_pay,AGTFAB66F1B,65
COL1A06A393,LN04971DA3,BRWABAE043E,2024-06-12,SMS,paid,AGT9AF7C5BF,62
COLEE4FBCA5,LN04971DA3,BRWABAE043E,2024-05-31,Push Notification,paid,AGT8C983807,50
COL4B97975F,LN04971DA3,BRWABAE043E,2024-06-17,WhatsApp,disputed,AGT9AF7C5BF,67
COL017C800F,LN04971DA3,BRWABAE043E,2024-06-07,SMS,no_response,AGTA10EC69F,57
COL2DE19CAB,LN93C5F2EF,BRW35C4960C,2024-09-16,Call,paid,AGT1EC297E1,80
COLF8D17116,LN93C5F2EF,BRW35C4960C,2024-09-03,Call,promise_to_pay,AGT730A7DFF,67
COL3C28B928,LN6DFF3CE0,BRWFBBA1F29,2024-03-22,SMS,no_response,AGT8C983807,14
COL4C07C4C7,LN6DFF3CE0,BRWFBBA1F29,2024-04-19,Call,disputed,AGT0C5F5076,42
COL87CD313C,LN6DFF3CE0,BRWFBBA1F29,2024-03-15,Call,no_response,AGT1EC297E1,7
COL7C65D8AA,LN6DFF3CE0,BRWFBBA1F29,2024-06-02,SMS,promise_to_pay,AGTCADDCCF8,86
COL9B6148FD,LN1935F8CE,BRW655E97E4,2023-03-27,Call,no_response,AGT97646EF0,89
COL918B0831,LN3CE8C2A3,BRWE341CF0C,2024-08-14,WhatsApp,no_response,AGT0C5F5076,22
COLE1C0F241,LN3CE8C2A3,BRWE341CF0C,2024-09-01,Push Notification,paid,AGT751726B0,40
COLC434E568,LN3CE8C2A3,BRWE341CF0C,2024-10-14,WhatsApp,disputed,AGT9AF7C5BF,83
COL56F231FA,LN3CE8C2A3,BRWE341CF0C,2024-08-19,Call,promise_to_pay,AGT0C5F5076,27
COL99C4B9CF,LN3CE8C2A3,BRWE341CF0C,2024-10-07,WhatsApp,disputed,AGT9AF7C5BF,76
COL8C1890C6,LNB1442B2F,BRW6C61104E,2024-06-24,Call,no_response,AGTFAB66F1B,90
COLD0987D07,LNB1442B2F,BRW6C61104E,2024-06-13,SMS,promise_to_pay,AGTB3CEAD3D,79
COL3851BD0F,LN37F47F12,BRW84BEA89C,2024-01-08,SMS,no_response,AGT0C5F5076,84
COLADFE2229,LN37F47F12,BRW84BEA89C,2023-10-20,WhatsApp,paid,AGTFAB66F1B,4
COLB9CE2EED,LN37F47F12,BRW84BEA89C,2023-10-23,SMS,disputed,AGTA10EC69F,7
COL76FC875A,LN37F47F12,BRW84BEA89C,2024-01-05,Call,paid,AGT9AF7C5BF,81
COL6B4DC7DF,LN37F47F12,BRW84BEA89C,2023-11-13,Call,no_response,AGT0C5F5076,28
COLEED0CC07,LNA009BF86,BRW945B3F14,2024-07-12,WhatsApp,no_response,AGTFB787BD8,6
COL8B5E687B,LN459251D3,BRW63490B56,2023-03-15,Call,no_response,AGT0C5F5076,28
COL45197459,LN459251D3,BRW63490B56,2023-04-11,WhatsApp,no_response,AGTFB787BD8,55
COL8EFDCE8F,LN459251D3,BRW63490B56,2023-04-01,SMS,no_response,AGT730A7DFF,45
COLD51AEBD4,LNCA1A34E2,BRW63490B56,2024-11-23,WhatsApp,promise_to_pay,AGT0C5F5076,54
COL79F2DED7,LNCA1A34E2,BRW63490B56,2024-11-10,Push Notification,no_response,AGT97646EF0,41
COL04771F4C,LNCA1A34E2,BRW63490B56,2024-10-05,Push Notification,promise_to_pay,AGTFB787BD8,5
COL7C6B947A,LN27623C5B,BRWFF191277,2024-08-20,SMS,no_response,AGT751726B0,12
COL81F52DD8,LN27623C5B,BRWFF191277,2024-09-28,SMS,promise_to_pay,AGT730A7DFF,51
COLF865141B,LN27623C5B,BRWFF191277,2024-10-01,SMS,paid,AGTCADDCCF8,54
COLCEFFFC43,LN7F827A0D,BRW6BC6178B,2023-12-18,Call,promise_to_pay,AGT8C983807,74
COL928C44BB,LN7F827A0D,BRW6BC6178B,2023-11-04,Push Notification,paid,AGTFB787BD8,30
COL12ED9AC6,LN7F827A0D,BRW6BC6178B,2023-12-14,WhatsApp,paid,AGTB3CEAD3D,70
COL9F479F9D,LN7F827A0D,BRW6BC6178B,2023-12-20,Push Notification,no_response,AGT1EC297E1,76
COLD43551A8,LN7F827A0D,BRW6BC6178B,2023-10-22,WhatsApp,no_response,AGT751726B0,17
COL5189B015,LND504D741,BRW412F3F08,2024-02-25,WhatsApp,disputed,AGTB3CEAD3D,73
COL03B8A1BB,LND504D741,BRW412F3F08,2024-01-31,Call,no_response,AGT751726B0,48
COL8105B1BF,LND504D741,BRW412F3F08,2024-01-15,WhatsApp,paid,AGT8C983807,32
COL76436602,LND504D741,BRW412F3F08,2023-12-17,Call,promise_to_pay,AGTCADDCCF8,3
COL8398A7B2,LN93E47263,BRW70D2D060,2024-06-01,SMS,paid,AGTFB787BD8,1
COL95C637D4,LN93E47263,BRW70D2D060,2024-06-21,Call,paid,AGT1EC297E1,21
COL48C387DE,LN93E47263,BRW70D2D060,2024-06-14,WhatsApp,no_response,AGT8C983807,14
COL494D1411,LN93E47263,BRW70D2D060,2024-08-04,Call,paid,AGTCADDCCF8,65
COLCA181559,LN93E47263,BRW70D2D060,2024-06-11,SMS,paid,AGT0C5F5076,11
COLF4E60CEF,LN17524669,BRW5FEB026F,2023-09-04,SMS,promise_to_pay,AGTFAB66F1B,14
COLE7332030,LNA938D8D6,BRW11F5D329,2023-05-14,SMS,no_response,AGTA10EC69F,70
COL4B518672,LNA938D8D6,BRW11F5D329,2023-04-27,Call,paid,AGT0C5F5076,53
COL0CB216BC,LNA938D8D6,BRW11F5D329,2023-04-25,WhatsApp,paid,AGT751726B0,51
COL04BA1516,LNA938D8D6,BRW11F5D329,2023-03-09,SMS,no_response,AGT1EC297E1,4
COLD38E9CA8,LNA938D8D6,BRW11F5D329,2023-05-31,Push Notification,no_response,AGT751726B0,87
COL506D379C,LNA6A110D8,BRWA598B105,2024-07-22,SMS,no_response,AGTB3CEAD3D,69
COL6EE1E50A,LNA6A110D8,BRWA598B105,2024-06-23,SMS,no_response,AGTB3CEAD3D,40
COLCD66E7D6,LNA6A110D8,BRWA598B105,2024-06-16,WhatsApp,no_response,AGTCADDCCF8,33
COL8192D7B8,LNA6A110D8,BRWA598B105,2024-06-01,WhatsApp,no_response,AGT8C983807,18
COL0721AEFA,LN07B36951,BRW60403FBD,2023-09-17,Push Notification,no_response,AGTA10EC69F,83
COLBECA8DC5,LN07B36951,BRW60403FBD,2023-07-26,Push Notification,no_response,AGT751726B0,30
COLB5CFEE64,LN07B36951,BRW60403FBD,2023-07-03,WhatsApp,no_response,AGTFB787BD8,7
COL34AF8B87,LN07B36951,BRW60403FBD,2023-09-23,Push Notification,no_response,AGT751726B0,89
COLCB60B984,LN07B36951,BRW60403FBD,2023-07-06,WhatsApp,no_response,AGT751726B0,10
COLB1492BEE,LN7C7903D6,BRWC66F0B2F,2024-09-30,WhatsApp,paid,AGT1EC297E1,32
COL145B95B0,LN7C7903D6,BRWC66F0B2F,2024-09-13,Push Notification,no_response,AGTB3CEAD3D,15
COL540DBAB0,LN7C7903D6,BRWC66F0B2F,2024-11-05,WhatsApp,paid,AGT9AF7C5BF,68
COL4FA97140,LN7C7903D6,BRWC66F0B2F,2024-09-02,WhatsApp,no_response,AGTA10EC69F,4
COLE834D4D3,LN0F5D2FEA,BRWC159BAE2,2024-03-11,SMS,no_response,AGT97646EF0,45
COL70484DD1,LN0F5D2FEA,BRWC159BAE2,2024-04-16,Call,paid,AGTCADDCCF8,81
COLDBDEAE5A,LN0F5D2FEA,BRWC159BAE2,2024-04-17,Call,no_response,AGT9AF7C5BF,82
COL86B437A9,LN0F5D2FEA,BRWC159BAE2,2024-03-07,WhatsApp,promise_to_pay,AGTFB787BD8,41
COL7C7D41C2,LN7BBA94DF,BRW7681EE57,2024-07-28,WhatsApp,paid,AGT97646EF0,17
COL5F31668E,LNCC26661E,BRWB3C3A7F5,2022-11-28,WhatsApp,promise_to_pay,AGTCADDCCF8,50
COL7EB1E285,LN653C4584,BRW99290C01,2024-04-10,Push Notification,no_response,AGT751726B0,44
COL045B1E5D,LN44CD2FCD,BRW704D826A,2023-06-12,Call,no_response,AGTCADDCCF8,89
COLCBA8623D,LN44CD2FCD,BRW704D826A,2023-06-06,Push Notification,promise_to_pay,AGT1EC297E1,83
COLEE3307D9,LN44CD2FCD,BRW704D826A,2023-05-06,Push Notification,no_response,AGT9AF7C5BF,52
COL96A0979E,LN40804FD4,BRW50A7B11A,2022-11-17,SMS,no_response,AGTCADDCCF8,19
COL09DEAF4B,LN40804FD4,BRW50A7B11A,2023-01-05,Push Notification,no_response,AGTFB787BD8,68
COL396E141D,LN40804FD4,BRW50A7B11A,2023-01-27,Push Notification,no_response,AGT97646EF0,90
COL6CDA48A3,LN40804FD4,BRW50A7B11A,2022-11-10,SMS,no_response,AGT751726B0,12
COL8ED3BD66,LN40804FD4,BRW50A7B11A,2022-11-15,Push Notification,no_response,AGTFAB66F1B,17
COLBA37F3F4,LNFBBF3705,BRW4ABC067B,2023-10-24,Call,promise_to_pay,AGTA10EC69F,5
COL92C5654A,LNFBBF3705,BRW4ABC067B,2023-12-01,SMS,no_response,AGT751726B0,43
COLB2DEF5BA,LNFBBF3705,BRW4ABC067B,2024-01-13,Call,paid,AGTFB787BD8,86
COLE7497C43,LN252C64E6,BRWEEA8E37F,2024-05-14,Push Notification,no_response,AGT97646EF0,3
COLC1F67E55,LN252C64E6,BRWEEA8E37F,2024-07-22,WhatsApp,promise_to_pay,AGTCADDCCF8,72
COL72208EB5,LN252C64E6,BRWEEA8E37F,2024-06-04,Push Notification,promise_to_pay,AGT0C5F5076,24
COL461E15E5,LN252C64E6,BRWEEA8E37F,2024-05-28,Push Notification,paid,AGTB3CEAD3D,17
COL8871DEF6,LN252C64E6,BRWEEA8E37F,2024-06-18,Push Notification,paid,AGT751726B0,38
COL1F280DC6,LNB28A91F0,BRW9C60DE5E,2024-09-26,Call,paid,AGTB3CEAD3D,46
COLC68AABD1,LNB28A91F0,BRW9C60DE5E,2024-10-16,SMS,paid,AGTFAB66F1B,66
COL94FC9691,LNB9276E27,BRW5E424B2F,2024-08-29,Push Notification,promise_to_pay,AGTCADDCCF8,76
COL9C4C37D2,LNB9276E27,BRW5E424B2F,2024-08-10,WhatsApp,no_response,AGT0C5F5076,57
COLC4511586,LNB9276E27,BRW5E424B2F,2024-08-17,Push Notification,paid,AGT1EC297E1,64
COL72E81779,LNB9276E27,BRW5E424B2F,2024-08-25,SMS,paid,AGT97646EF0,72
COL4CC6D42B,LNE13C2F31,BRW876A4661,2023-04-12,Call,paid,AGT97646EF0,22
COL9FAAB307,LNE13C2F31,BRW876A4661,2023-05-14,Call,promise_to_pay,AGTB3CEAD3D,54
COLFD6E9E1D,LNE13C2F31,BRW876A4661,2023-04-09,SMS,no_response,AGTA10EC69F,19
COLB70F4CB8,LN48F5AAD6,BRW96D744A9,2023-12-30,Call,no_response,AGTFAB66F1B,62
COL00090889,LN48F5AAD6,BRW96D744A9,2024-01-17,Push Notification,paid,AGTB3CEAD3D,80
COLED4CF32E,LN48F5AAD6,BRW96D744A9,2023-11-17,WhatsApp,no_response,AGTFB787BD8,19
COL86732DF3,LND47F1B42,BRWB9939734,2024-10-07,Push Notification,no_response,AGT97646EF0,60
COL64879778,LND47F1B42,BRWB9939734,2024-08-14,Push Notification,no_response,AGT97646EF0,6
COLA612D391,LND47F1B42,BRWB9939734,2024-11-04,WhatsApp,no_response,AGT730A7DFF,88
COLD6D31A69,LND47F1B42,BRWB9939734,2024-10-15,Push Notification,no_response,AGTFAB66F1B,68
COLA52F7CFA,LND47F1B42,BRWB9939734,2024-08-28,SMS,disputed,AGT730A7DFF,20
COLA4E910A5,LN5A8AEF1C,BRW8D8320EE,2024-02-16,WhatsApp,paid,AGTB3CEAD3D,37
COL53493074,LN5A8AEF1C,BRW8D8320EE,2024-01-19,Call,no_response,AGTA10EC69F,9
COL107B9D9B,LN5A8AEF1C,BRW8D8320EE,2024-03-23,Call,no_response,AGT97646EF0,73
COL25D800EF,LN221CF80A,BRW106C7A40,2024-02-16,Push Notification,no_response,AGT0C5F5076,18
COL22EBF940,LN221CF80A,BRW106C7A40,2024-03-12,SMS,paid,AGT1EC297E1,43
COLB56BD4F4,LN221CF80A,BRW106C7A40,2024-03-25,Call,paid,AGTFB787BD8,56
COLB5A33C1F,LN221CF80A,BRW106C7A40,2024-03-04,SMS,no_response,AGT730A7DFF,35
COLCF31FC59,LN221CF80A,BRW106C7A40,2024-04-15,Call,paid,AGTCADDCCF8,77
COLE637BF7B,LN1E6821DD,BRW84A77595,2022-09-07,Call,no_response,AGTFB787BD8,70
COL192BED7D,LNF5C2B7E5,BRW1698E021,2024-02-21,WhatsApp,no_response,AGT8C983807,88
COLA0DC9C91,LNF5C2B7E5,BRW1698E021,2024-01-30,Push Notification,disputed,AGT0C5F5076,66
COL09CAEB5C,LNF5C2B7E5,BRW1698E021,2023-12-29,Call,no_response,AGT8C983807,34
COLF54D2C9E,LNA38100E2,BRWC6A1A3B8,2024-05-10,Push Notification,promise_to_pay,AGTFB787BD8,72
COLE39FCEA6,LNA38100E2,BRWC6A1A3B8,2024-05-16,WhatsApp,promise_to_pay,AGTCADDCCF8,78
COL0B5D7D50,LNA38100E2,BRWC6A1A3B8,2024-04-15,Push Notification,paid,AGT730A7DFF,47
COL81CE85F2,LNA38100E2,BRWC6A1A3B8,2024-04-28,Push Notification,disputed,AGTA10EC69F,60
COL197C480A,LNA38100E2,BRWC6A1A3B8,2024-05-24,Push Notification,paid,AGTFB787BD8,86
COL907F75F7,LN7A0E21AD,BRW4CE0BB6A,2023-11-16,Call,no_response,AGT1EC297E1,84
COLF4506097,LN7A0E21AD,BRW4CE0BB6A,2023-11-19,Push Notification,promise_to_pay,AGTFAB66F1B,87
COLAFECA598,LN7A0E21AD,BRW4CE0BB6A,2023-10-08,SMS,no_response,AGT9AF7C5BF,45
COL39C67780,LN7A0E21AD,BRW4CE0BB6A,2023-11-16,Call,paid,AGT1EC297E1,84
COL58E87117,LN356F701E,BRWA06FC435,2022-09-13,WhatsApp,disputed,AGT751726B0,34
COLED9A9B1E,LN356F701E,BRWA06FC435,2022-08-17,SMS,no_response,AGT97646EF0,7
COL8AAFFCD5,LN356F701E,BRWA06FC435,2022-09-25,SMS,no_response,AGTFAB66F1B,46
COL23FE1C49,LN356F701E,BRWA06FC435,2022-10-04,SMS,promise_to_pay,AGTB3CEAD3D,55
COL4DCBE8C8,LN5BA0F6A9,BRWD241E220,2024-06-09,Push Notification,no_response,AGT9AF7C5BF,67
COL735AFA42,LN5BA0F6A9,BRWD241E220,2024-05-09,SMS,no_response,AGT0C5F5076,36
COLB1498B3B,LN5BA0F6A9,BRWD241E220,2024-05-28,Push Notification,no_response,AGT730A7DFF,55
COLED259BB7,LN5BA0F6A9,BRWD241E220,2024-04-28,SMS,no_response,AGT8C983807,25
COLA4934570,LN5BA0F6A9,BRWD241E220,2024-05-06,Call,no_response,AGT97646EF0,33
COLDE9AF2AE,LNC5953140,BRW829ACFA5,2023-02-03,Push Notification,promise_to_pay,AGT751726B0,10
COLAFE99C86,LNC5953140,BRW829ACFA5,2023-03-22,SMS,no_response,AGT9AF7C5BF,57
COLBC5328ED,LNC5953140,BRW829ACFA5,2023-04-19,SMS,promise_to_pay,AGTFB787BD8,85
COL3A83CC6C,LNFEF6C1D1,BRW3317D3A2,2024-10-05,Call,promise_to_pay,AGTA10EC69F,9
COL58CCEE67,LNFEF6C1D1,BRW3317D3A2,2024-12-16,SMS,promise_to_pay,AGTA10EC69F,81
COL8FD40F35,LNFEF6C1D1,BRW3317D3A2,2024-12-03,SMS,promise_to_pay,AGTB3CEAD3D,68
COL630F508C,LN05840870,BRW5EC555C5,2024-08-14,WhatsApp,paid,AGT8C983807,57
COL6CBD6235,LN05840870,BRW5EC555C5,2024-08-09,WhatsApp,no_response,AGTB3CEAD3D,52
COL89AE3BA7,LN05840870,BRW5EC555C5,2024-07-27,SMS,paid,AGT0C5F5076,39
COL2F9C4295,LN05840870,BRW5EC555C5,2024-06-23,SMS,no_response,AGT751726B0,5
COLF6224931,LN05840870,BRW5EC555C5,2024-06-23,Call,promise_to_pay,AGTA10EC69F,5
COL9A4C24C7,LNA66BBAB0,BRW583B3B12,2024-08-02,SMS,no_response,AGTFB787BD8,89
COLD1A4BCF9,LN1ED21ADD,BRW583B3B12,2024-09-15,Push Notification,no_response,AGT97646EF0,79
COL541F3167,LN2A01FDF0,BRW9ABBD375,2024-08-27,SMS,paid,AGT730A7DFF,62
COL83EAB4BF,LN2A01FDF0,BRW9ABBD375,2024-07-03,Call,paid,AGT9AF7C5BF,7
COLE6D3E91C,LN2A01FDF0,BRW9ABBD375,2024-07-16,Push Notification,paid,AGT9AF7C5BF,20
COL886D5FB2,LN2A01FDF0,BRW9ABBD375,2024-08-01,WhatsApp,no_response,AGT0C5F5076,36
COLF596F80E,LN2A01FDF0,BRW9ABBD375,2024-07-01,WhatsApp,no_response,AGT751726B0,5
COL3A74CBB5,LN6E3F21EA,BRW9ABBD375,2024-01-29,Call,disputed,AGT8C983807,76
COL11EE5F30,LN6E3F21EA,BRW9ABBD375,2023-12-29,Call,paid,AGTCADDCCF8,45
COL4C113749,LN6E3F21EA,BRW9ABBD375,2023-11-16,Call,promise_to_pay,AGT730A7DFF,2
COL0FAF6F44,LN6E3F21EA,BRW9ABBD375,2024-02-05,Call,paid,AGT751726B0,83
COLC85A442A,LN9EDA42D1,BRWF769B098,2022-09-17,Call,paid,AGT0C5F5076,53
COL7DCAE842,LN9EDA42D1,BRWF769B098,2022-10-07,WhatsApp,no_response,AGTA10EC69F,73
COL3E7DEE5E,LN9EDA42D1,BRWF769B098,2022-08-11,Call,paid,AGTFAB66F1B,16
COL4AD756CD,LN9EDA42D1,BRWF769B098,2022-09-25,WhatsApp,promise_to_pay,AGTB3CEAD3D,61
COL8647789D,LN14E65E35,BRWAA46E4F9,2023-04-21,Push Notification,no_response,AGTA10EC69F,40
COL8CFB2238,LN14E65E35,BRWAA46E4F9,2023-04-01,WhatsApp,promise_to_pay,AGTFAB66F1B,20
COL7E42547E,LN14E65E35,BRWAA46E4F9,2023-05-24,WhatsApp,no_response,AGTB3CEAD3D,73
COLCC9889FC,LN14E65E35,BRWAA46E4F9,2023-06-03,Call,promise_to_pay,AGTA10EC69F,83
COL114F6DC9,LN66847754,BRW4C8DE8D5,2023-10-03,Push Notification,disputed,AGT97646EF0,64
COL4DE5E77F,LNAD119C9B,BRW1578D605,2023-08-17,Push Notification,paid,AGT97646EF0,87
COL2AE65180,LNAD119C9B,BRW1578D605,2023-05-31,WhatsApp,paid,AGT8C983807,9
COL3FDB8516,LN21BD315F,BRWE1A7DB82,2023-09-19,SMS,no_response,AGTFB787BD8,47
COLD1B7ACAC,LN7C4CC15C,BRW5D8A78C3,2023-09-11,SMS,paid,AGT751726B0,43
COLA5A782FA,LN7C4CC15C,BRW5D8A78C3,2023-09-05,SMS,disputed,AGTB3CEAD3D,37
COL72A32A89,LN7C4CC15C,BRW5D8A78C3,2023-08-24,Push Notification,no_response,AGT0C5F5076,25
COL1CDC1D01,LNB3FA3611,BRWD3AB1A34,2023-05-30,Call,promise_to_pay,AGT97646EF0,12
COLE2A3BC8A,LNB3FA3611,BRWD3AB1A34,2023-08-07,SMS,no_response,AGT9AF7C5BF,81
COLF2814867,LNB3FA3611,BRWD3AB1A34,2023-06-03,Call,paid,AGT730A7DFF,16
COLDAD2BB78,LNB3FA3611,BRWD3AB1A34,2023-07-01,SMS,no_response,AGTFB787BD8,44
COL8A468532,LNB3FA3611,BRWD3AB1A34,2023-07-11,Push Notification,promise_to_pay,AGTFB787BD8,54
COL321605CE,LN9E7B3D9A,BRW28B774EF,2024-05-12,WhatsApp,disputed,AGT730A7DFF,80
COL7CFE924C,LN9E7B3D9A,BRW28B774EF,2024-04-01,WhatsApp,paid,AGTFAB66F1B,39
COL4BCB1557,LN9E7B3D9A,BRW28B774EF,2024-03-25,Call,no_response,AGT0C5F5076,32
COL52D780D6,LN9E7B3D9A,BRW28B774EF,2024-03-24,WhatsApp,no_response,AGTCADDCCF8,31
COLD75AC6ED,LN9E7B3D9A,BRW28B774EF,2024-02-26,Push Notification,paid,AGT0C5F5076,4
COLCC008BF6,LNF1126541,BRWC567D9D4,2023-09-25,WhatsApp,no_response,AGT8C983807,75
COLEFB17806,LNF1126541,BRWC567D9D4,2023-10-05,WhatsApp,no_response,AGT751726B0,85
COL8D3DEB71,LNF1126541,BRWC567D9D4,2023-09-21,WhatsApp,paid,AGT97646EF0,71
COL6E80CF96,LNF1126541,BRWC567D9D4,2023-09-28,Call,promise_to_pay,AGTFB787BD8,78
COL6D189EE8,LNF1126541,BRWC567D9D4,2023-10-03,WhatsApp,no_response,AGT730A7DFF,83
COL2047AA59,LN38B8FADE,BRWABA83A8D,2024-03-08,Call,paid,AGT730A7DFF,25
COL8830FECB,LN38B8FADE,BRWABA83A8D,2024-05-12,Push Notification,disputed,AGTCADDCCF8,90
COLF21E460F,LN38B8FADE,BRWABA83A8D,2024-05-07,SMS,paid,AGT97646EF0,85
COL85FB7DDC,LN38B8FADE,BRWABA83A8D,2024-04-17,WhatsApp,no_response,AGT9AF7C5BF,65
COL87622068,LN3B3AB977,BRW2401DCB5,2023-04-02,SMS,paid,AGTCADDCCF8,76
COL4B35A929,LN3B3AB977,BRW2401DCB5,2023-03-07,Push Notification,no_response,AGT1EC297E1,50
COL0170DEB9,LN3B3AB977,BRW2401DCB5,2023-04-02,WhatsApp,no_response,AGT1EC297E1,76
COL365CCFFF,LN06DA0762,BRW5CDCCAE8,2023-12-14,SMS,no_response,AGTB3CEAD3D,80
COLB89796BC,LN06DA0762,BRW5CDCCAE8,2023-11-08,WhatsApp,paid,AGT0C5F5076,44
COL1A7CE0A5,LN06DA0762,BRW5CDCCAE8,2023-10-20,Call,no_response,AGTCADDCCF8,25
COL86D8C8E0,LN06DA0762,BRW5CDCCAE8,2023-10-26,WhatsApp,no_response,AGT751726B0,31
COL0721F636,LN06DA0762,BRW5CDCCAE8,2023-12-07,SMS,promise_to_pay,AGT97646EF0,73
COL30500B2B,LNC48B9F2B,BRW43B66A35,2023-03-24,Push Notification,paid,AGT1EC297E1,42
COLF7B9394E,LNC48B9F2B,BRW43B66A35,2023-03-10,Call,paid,AGTA10EC69F,28
COL1A695C19,LNC48B9F2B,BRW43B66A35,2023-04-15,Call,no_response,AGTB3CEAD3D,64
COL51BCCB63,LNC48B9F2B,BRW43B66A35,2023-03-28,Push Notification,no_response,AGTA10EC69F,46
COL72271B88,LNC48B9F2B,BRW43B66A35,2023-04-19,Push Notification,paid,AGT730A7DFF,68
COL790F2143,LN8FDA0057,BRW372F3015,2023-12-05,WhatsApp,promise_to_pay,AGTFB787BD8,9
COLA5A6F61B,LN8FDA0057,BRW372F3015,2024-02-23,WhatsApp,no_response,AGTA10EC69F,89
COL392C8711,LN8FDA0057,BRW372F3015,2024-02-09,Call,paid,AGT9AF7C5BF,75
COL5438533C,LN8FDA0057,BRW372F3015,2024-02-15,Call,no_response,AGT1EC297E1,81
COL7E2E577D,LN8FDA0057,BRW372F3015,2024-01-11,Call,no_response,AGT9AF7C5BF,46
COLF24A2DCB,LNCAFD97D5,BRWB665D808,2023-02-19,Call,disputed,AGT97646EF0,32
COL91D2F931,LNCAFD97D5,BRWB665D808,2023-03-02,WhatsApp,disputed,AGT8C983807,43
COL72057950,LNCAFD97D5,BRWB665D808,2023-04-04,SMS,no_response,AGT8C983807,76
COL730EEAA5,LNCAFD97D5,BRWB665D808,2023-02-21,Push Notification,paid,AGT0C5F5076,34
COLDA91D71F,LN1A4F57D3,BRW6F25B65B,2023-02-21,Push Notification,no_response,AGT97646EF0,59
COL68E517A4,LN1A4F57D3,BRW6F25B65B,2023-03-02,SMS,promise_to_pay,AGTFAB66F1B,68
COLE6FBF000,LN1A4F57D3,BRW6F25B65B,2023-02-21,SMS,no_response,AGTFB787BD8,59
COLA6586D5C,LN1A4F57D3,BRW6F25B65B,2023-02-05,Push Notification,promise_to_pay,AGTFB787BD8,43
COLFF990C48,LN1A4F57D3,BRW6F25B65B,2023-03-02,SMS,disputed,AGT751726B0,68
COL3D313E35,LN4984B3C0,BRWFED9DCEF,2024-09-22,SMS,paid,AGT751726B0,4
COLFC2A1202,LN5F825841,BRWFED9DCEF,2024-03-20,Push Notification,disputed,AGT0C5F5076,44
COL4FEA3FFF,LN5F825841,BRWFED9DCEF,2024-02-18,Call,no_response,AGT97646EF0,13
COL21C2D604,LN40CFE2F1,BRWBFCDDF6C,2024-05-14,WhatsApp,promise_to_pay,AGT97646EF0,29
COL533D523B,LN40CFE2F1,BRWBFCDDF6C,2024-06-18,Call,paid,AGTA10EC69F,64
COL13406F02,LN40CFE2F1,BRWBFCDDF6C,2024-04-20,SMS,disputed,AGTCADDCCF8,5
COL9EB3BABF,LN40CFE2F1,BRWBFCDDF6C,2024-07-02,WhatsApp,no_response,AGT8C983807,78
COL6C1CC8AA,LN05F92149,BRW9B257C7B,2023-08-22,SMS,promise_to_pay,AGT1EC297E1,70
COL5D9B4330,LN05F92149,BRW9B257C7B,2023-08-04,Push Notification,no_response,AGTFAB66F1B,52
COL3685B899,LN05F92149,BRW9B257C7B,2023-07-05,Push Notification,paid,AGT751726B0,22
COL8159F7AC,LNEB4F4656,BRW124754BC,2023-06-28,Call,no_response,AGT97646EF0,72
COL9075B29C,LN464698AD,BRWEE1A8F33,2024-05-25,Call,paid,AGTFB787BD8,64
COL73A7B3A8,LN464698AD,BRWEE1A8F33,2024-05-24,Call,disputed,AGTA10EC69F,63
COLF5BBFE0A,LN464698AD,BRWEE1A8F33,2024-03-23,Push Notification,no_response,AGTA10EC69F,1
COLAD9FE9EA,LN464698AD,BRWEE1A8F33,2024-05-30,WhatsApp,paid,AGT1EC297E1,69
COL148CC639,LN464698AD,BRWEE1A8F33,2024-05-31,WhatsApp,no_response,AGT730A7DFF,70
COL9E8DAE2B,LNAE023935,BRWB101A5A6,2024-03-30,Call,no_response,AGTCADDCCF8,12
COLA72095DF,LNAE023935,BRWB101A5A6,2024-04-04,Call,promise_to_pay,AGT1EC297E1,17
COL7808BBAA,LN95CE1FC0,BRW523A8640,2024-05-02,Call,no_response,AGTB3CEAD3D,4
COL72C6A212,LN95CE1FC0,BRW523A8640,2024-06-04,WhatsApp,no_response,AGTA10EC69F,37
COL941DCD39,LN95CE1FC0,BRW523A8640,2024-07-11,Call,no_response,AGT97646EF0,74
COLEFF99567,LN95CE1FC0,BRW523A8640,2024-06-30,WhatsApp,disputed,AGTFAB66F1B,63
COL425271D3,LN95CE1FC0,BRW523A8640,2024-05-30,WhatsApp,paid,AGTCADDCCF8,32
COL071FA312,LNF3ACD6C5,BRW6C165299,2024-11-08,WhatsApp,promise_to_pay,AGT751726B0,43
COLEB79423D,LNA5A19346,BRWC3013676,2023-07-26,Call,no_response,AGTFAB66F1B,1
COL0361A2D4,LNA5A19346,BRWC3013676,2023-10-23,SMS,no_response,AGT9AF7C5BF,90
COLBA2BE1BE,LNA5A19346,BRWC3013676,2023-09-21,WhatsApp,paid,AGT751726B0,58
COL634972F7,LNA5A19346,BRWC3013676,2023-10-11,Push Notification,promise_to_pay,AGT730A7DFF,78
COL8B7289B9,LNA5A19346,BRWC3013676,2023-08-17,Call,no_response,AGTA10EC69F,23
COL4E5E0DEE,LN9F2D116E,BRW6BB91DAA,2024-07-15,WhatsApp,no_response,AGT1EC297E1,61
COL4E4A8602,LNA7DE6C73,BRW5456DEB5,2022-10-17,Call,paid,AGTFAB66F1B,67
COLB696BC90,LN9DF66A83,BRW9070931B,2024-05-23,SMS,no_response,AGT751726B0,88
COLC782FA11,LN9DF66A83,BRW9070931B,2024-03-15,Call,promise_to_pay,AGTA10EC69F,19
COL31A9F955,LNF35C9EF6,BRW9AFB17AE,2024-05-05,Call,no_response,AGT9AF7C5BF,28
COL8D853BE2,LN91BC82A4,BRW2D30EB07,2024-03-28,Push Notification,no_response,AGTFAB66F1B,28
COLD0ACFEC5,LN91BC82A4,BRW2D30EB07,2024-04-05,WhatsApp,paid,AGT0C5F5076,36
COL264F7F97,LN9EC92007,BRW0F9FC57E,2023-06-05,Push Notification,promise_to_pay,AGT8C983807,21
COLB6E56C02,LND4A9D4A6,BRW9DF6A2FE,2023-02-26,Push Notification,paid,AGTA10EC69F,58
COL6404F8AE,LNF51688E3,BRWBCD8CC62,2023-07-11,Push Notification,paid,AGT1EC297E1,58
COL862A9828,LN5559118C,BRW7B2FD9E9,2024-10-21,SMS,disputed,AGTB3CEAD3D,84
COL95DD60D9,LN5559118C,BRW7B2FD9E9,2024-08-03,SMS,no_response,AGT9AF7C5BF,5
COLA342F333,LN5559118C,BRW7B2FD9E9,2024-10-20,Call,no_response,AGTFAB66F1B,83
COL354AEA16,LN97461D37,BRW2B260E76,2024-01-20,WhatsApp,promise_to_pay,AGTFB787BD8,32
COL68C960F8,LN97461D37,BRW2B260E76,2023-12-31,Push Notification,no_response,AGTFAB66F1B,12
COLD78194AA,LNCA32CAAF,BRWE5C3A50F,2024-08-20,Call,no_response,AGTFB787BD8,45
COL248C06BC,LN72F9991B,BRW9C2E4870,2024-11-11,Call,promise_to_pay,AGT0C5F5076,84
COL223868B5,LN3E0C38FC,BRW566062D3,2023-08-29,WhatsApp,paid,AGTA10EC69F,35
COLCA8D5BF2,LN3E0C38FC,BRW566062D3,2023-09-15,WhatsApp,disputed,AGTA10EC69F,52
COL79694379,LN3E0C38FC,BRW566062D3,2023-09-05,WhatsApp,no_response,AGTB3CEAD3D,42
COL5612EC94,LN3E0C38FC,BRW566062D3,2023-09-04,WhatsApp,disputed,AGT9AF7C5BF,41
COL06E05769,LN1D27FBC2,BRW231E09DF,2023-12-03,Call,no_response,AGT8C983807,17
COL27740936,LN1D27FBC2,BRW231E09DF,2023-12-27,WhatsApp,disputed,AGTFAB66F1B,41
COLB33A70F0,LN1D27FBC2,BRW231E09DF,2023-11-25,WhatsApp,promise_to_pay,AGT730A7DFF,9
COL0A7CDDBF,LN25F4ECB7,BRW807DFFA9,2024-05-03,WhatsApp,disputed,AGTFAB66F1B,58
COL41C78610,LN25F4ECB7,BRW807DFFA9,2024-03-08,Push Notification,disputed,AGT0C5F5076,2
COL59AE9A0A,LN25F4ECB7,BRW807DFFA9,2024-04-03,Call,no_response,AGT0C5F5076,28
COL6BCF9F6D,LN8B417D52,BRWB7432764,2023-05-06,Call,promise_to_pay,AGT97646EF0,84
COL68210885,LN8B417D52,BRWB7432764,2023-04-24,Call,promise_to_pay,AGTFAB66F1B,72
COL27723410,LN8B417D52,BRWB7432764,2023-03-03,Call,no_response,AGT730A7DFF,20
COL0132DCCB,LNFB44494A,BRW1243A6B1,2024-07-26,WhatsApp,disputed,AGT97646EF0,83
COL6F95F343,LNFB44494A,BRW1243A6B1,2024-05-08,Push Notification,paid,AGT730A7DFF,4
COLE4AC0B06,LNFB44494A,BRW1243A6B1,2024-06-28,Push Notification,disputed,AGT8C983807,55
COLF0255ABD,LNFB44494A,BRW1243A6B1,2024-05-30,WhatsApp,paid,AGTCADDCCF8,26
COL17DFC507,LNC52EB05E,BRW79F6E28B,2023-08-16,Push Notification,no_response,AGTA10EC69F,13
COLCF917B90,LNBECE0490,BRWBC556D7B,2024-07-25,Push Notification,promise_to_pay,AGTA10EC69F,11
COL94658A5C,LN25604012,BRW413581B7,2024-06-08,Push Notification,promise_to_pay,AGTA10EC69F,5
COL7A4D7A95,LN25604012,BRW413581B7,2024-08-25,WhatsApp,paid,AGT9AF7C5BF,83
COLBF4043FB,LN388F178E,BRW025806BC,2024-06-15,SMS,disputed,AGT97646EF0,90
COLF17D05BE,LN388F178E,BRW025806BC,2024-05-31,WhatsApp,paid,AGTB3CEAD3D,75
COLF68C85FE,LN388F178E,BRW025806BC,2024-06-05,Push Notification,paid,AGTCADDCCF8,80
COLBA317624,LN239275EF,BRW0DA90945,2024-01-04,Call,no_response,AGT8C983807,34
COL545B2D7D,LN451E78C4,BRWAF486C79,2024-07-23,WhatsApp,disputed,AGT0C5F5076,72
COLC117EB25,LN451E78C4,BRWAF486C79,2024-05-28,SMS,disputed,AGT751726B0,16
COL1BA36132,LNA00751B2,BRW92CB9021,2024-07-18,Push Notification,paid,AGTA10EC69F,32
COL756DF17E,LNA00751B2,BRW92CB9021,2024-08-12,SMS,no_response,AGT1EC297E1,57
COL462ACE08,LNA00751B2,BRW92CB9021,2024-08-25,SMS,disputed,AGTCADDCCF8,70
COLDDC3FE0A,LNA00751B2,BRW92CB9021,2024-08-18,Call,paid,AGTB3CEAD3D,63
COL6FBC7855,LNA00751B2,BRW92CB9021,2024-09-14,SMS,no_response,AGT751726B0,90
COL83EF7929,LNC2B2D297,BRWB5F7AA2D,2023-01-26,Push Notification,promise_to_pay,AGTA10EC69F,16
COL6463CE9F,LND5517F46,BRWFB85E8DC,2024-10-29,SMS,promise_to_pay,AGT751726B0,81
COLA875A700,LND5517F46,BRWFB85E8DC,2024-10-14,WhatsApp,no_response,AGT0C5F5076,66
COLA056F01F,LND78AAAFF,BRW9C85A3BF,2024-05-19,Call,no_response,AGT730A7DFF,90
COLD69BB82B,LND78AAAFF,BRW9C85A3BF,2024-05-17,Call,paid,AGT97646EF0,88
COL15EB90A5,LND78AAAFF,BRW9C85A3BF,2024-03-03,WhatsApp,paid,AGT751726B0,13
COLB8D4C236,LND78AAAFF,BRW9C85A3BF,2024-03-04,Push Notification,paid,AGTA10EC69F,14
COL7F042D70,LNBCA75CAA,BRW1A119CF6,2023-07-12,WhatsApp,paid,AGT97646EF0,75
COLA4ACC2FB,LNBCA75CAA,BRW1A119CF6,2023-06-01,WhatsApp,no_response,AGT730A7DFF,34
COLFDC98159,LNBCA75CAA,BRW1A119CF6,2023-05-12,WhatsApp,promise_to_pay,AGT0C5F5076,14
COL6BFFF502,LNBCA75CAA,BRW1A119CF6,2023-05-20,Push Notification,paid,AGT8C983807,22
COL289B0A1B,LN5859439F,BRW8CCF389E,2022-08-21,SMS,disputed,AGT1EC297E1,59
COL024B09B2,LN68881BF2,BRW31B2419F,2024-12-19,SMS,paid,AGT9AF7C5BF,87
COLF3BBFBDE,LN68881BF2,BRW31B2419F,2024-11-27,WhatsApp,paid,AGT751726B0,65
COL37D2B733,LN3082B4E3,BRW9A8A1D55,2022-08-27,SMS,promise_to_pay,AGTFAB66F1B,25
COL0D30E1E9,LN3082B4E3,BRW9A8A1D55,2022-09-24,SMS,disputed,AGTB3CEAD3D,53
COL0EB2E3B8,LN3082B4E3,BRW9A8A1D55,2022-08-31,WhatsApp,no_response,AGT8C983807,29
COL8F6ECCE4,LN3082B4E3,BRW9A8A1D55,2022-10-21,SMS,no_response,AGTB3CEAD3D,80
COLA04FEDDA,LN3082B4E3,BRW9A8A1D55,2022-10-03,SMS,no_response,AGTA10EC69F,62
COLF886EC5D,LNF44517A2,BRWF5E91DC2,2022-12-12,SMS,promise_to_pay,AGTA10EC69F,37
COLDF6C2816,LNF44517A2,BRWF5E91DC2,2022-11-28,WhatsApp,no_response,AGT9AF7C5BF,23
COL532264F1,LNF44517A2,BRWF5E91DC2,2022-12-08,Push Notification,no_response,AGT730A7DFF,33
COL5120EA91,LNF44517A2,BRWF5E91DC2,2023-01-05,SMS,promise_to_pay,AGT97646EF0,61
COLF5E31BAC,LN08153BC5,BRWC4FE3B4E,2024-09-25,WhatsApp,no_response,AGT730A7DFF,25
COLA8B9C218,LN08153BC5,BRWC4FE3B4E,2024-10-15,Push Notification,paid,AGTFB787BD8,45
COL646713EB,LN08153BC5,BRWC4FE3B4E,2024-10-21,Call,disputed,AGTB3CEAD3D,51
COL0201D8A0,LN08153BC5,BRWC4FE3B4E,2024-11-25,SMS,no_response,AGT1EC297E1,86
COL0D47C35F,LN08153BC5,BRWC4FE3B4E,2024-11-10,SMS,paid,AGTCADDCCF8,71
COLE98A1D38,LN2B2A7BD9,BRW3A6BB03E,2023-05-23,Call,paid,AGTA10EC69F,4
COLD7493BFC,LN2B2A7BD9,BRW3A6BB03E,2023-06-24,WhatsApp,disputed,AGTFAB66F1B,36
COLA6A5C660,LN2B2A7BD9,BRW3A6BB03E,2023-07-19,SMS,no_response,AGT0C5F5076,61
COLDA2BC3CF,LN2B2A7BD9,BRW3A6BB03E,2023-06-06,Call,paid,AGT9AF7C5BF,18
COLDF42BDD1,LNE505FAA9,BRWC216A2D9,2022-09-28,Call,no_response,AGT0C5F5076,45
COLB39D458D,LNE505FAA9,BRWC216A2D9,2022-09-23,SMS,no_response,AGTFB787BD8,40
COL4FAD83DB,LNE505FAA9,BRWC216A2D9,2022-09-24,SMS,promise_to_pay,AGTB3CEAD3D,41
COL3A0AA5E4,LNE505FAA9,BRWC216A2D9,2022-09-21,Call,no_response,AGT0C5F5076,38
COL07218299,LNAD7AE990,BRWD87F2299,2024-11-23,Push Notification,promise_to_pay,AGTFAB66F1B,67
COL187E8106,LNAD7AE990,BRWD87F2299,2024-11-27,Push Notification,paid,AGT730A7DFF,71
COL681A7ACD,LNAD7AE990,BRWD87F2299,2024-10-02,Push Notification,paid,AGTA10EC69F,15
COLFE5C3477,LNAD7AE990,BRWD87F2299,2024-10-29,SMS,no_response,AGT1EC297E1,42
COL92C444C6,LNAD7AE990,BRWD87F2299,2024-10-26,SMS,no_response,AGT9AF7C5BF,39
COLA8BF484A,LN5FBB322F,BRW16803E5A,2024-07-16,WhatsApp,promise_to_pay,AGT8C983807,26
COL45D83FC0,LN5FBB322F,BRW16803E5A,2024-08-25,SMS,paid,AGT1EC297E1,66
COL773A0F48,LNE209B34E,BRW0534962C,2023-09-12,WhatsApp,no_response,AGT97646EF0,63
COL0D320F64,LNE209B34E,BRW0534962C,2023-09-22,Push Notification,promise_to_pay,AGT0C5F5076,73
COLDB5243A4,LN435095C3,BRW0534962C,2024-05-04,Call,paid,AGTB3CEAD3D,43
COL0E894F7B,LN435095C3,BRW0534962C,2024-04-19,Call,no_response,AGT751726B0,28
COLA90EC75D,LN435095C3,BRW0534962C,2024-04-25,Call,promise_to_pay,AGT730A7DFF,34
COL77A210ED,LN0EF43DD7,BRW79AB3A8A,2024-05-16,WhatsApp,no_response,AGT751726B0,22
COLA3D8A13B,LN0EF43DD7,BRW79AB3A8A,2024-06-01,SMS,no_response,AGT751726B0,38
COLC4265744,LN0EF43DD7,BRW79AB3A8A,2024-06-13,Push Notification,promise_to_pay,AGT751726B0,50
COL58AB5D4C,LN62EF61F9,BRW79AB3A8A,2024-11-16,Call,paid,AGT1EC297E1,64
COL3C125547,LN62EF61F9,BRW79AB3A8A,2024-09-17,Call,no_response,AGT97646EF0,4
COLA5979ACD,LN62EF61F9,BRW79AB3A8A,2024-10-11,Call,paid,AGT8C983807,28
COL69B215B4,LN62EF61F9,BRW79AB3A8A,2024-09-20,Call,promise_to_pay,AGTB3CEAD3D,7
COL5D03BC0A,LN62EF61F9,BRW79AB3A8A,2024-10-11,WhatsApp,no_response,AGTCADDCCF8,28
COLA3B27A9D,LN5CCD9657,BRWF99C8CD9,2024-04-26,WhatsApp,paid,AGTB3CEAD3D,77
COLF215A958,LN5CCD9657,BRWF99C8CD9,2024-02-13,Push Notification,paid,AGT8C983807,4
COLD907D6A6,LN5CCD9657,BRWF99C8CD9,2024-04-13,Call,promise_to_pay,AGT0C5F5076,64
COL8D33B334,LN5CCD9657,BRWF99C8CD9,2024-04-12,SMS,paid,AGT0C5F5076,63
COL82FDA247,LN5CCD9657,BRWF99C8CD9,2024-04-07,SMS,no_response,AGTB3CEAD3D,58
COL2285F338,LNBC977F2D,BRW34EC67B4,2023-03-11,Call,paid,AGT730A7DFF,31
COL24896A58,LNBC977F2D,BRW34EC67B4,2023-04-06,Push Notification,no_response,AGT8C983807,57
COL37921469,LNBC977F2D,BRW34EC67B4,2023-04-26,Push Notification,promise_to_pay,AGTFB787BD8,77
COLB94A3082,LN9E8565F4,BRW27E302F1,2023-03-11,Push Notification,no_response,AGT97646EF0,36
COL3D203D6B,LN9E8565F4,BRW27E302F1,2023-02-25,Call,promise_to_pay,AGT9AF7C5BF,22
COL6DCB588F,LN9E8565F4,BRW27E302F1,2023-03-28,WhatsApp,no_response,AGTB3CEAD3D,53
COL28FBB5FF,LN9E8565F4,BRW27E302F1,2023-02-17,Call,no_response,AGT751726B0,14
COLA9C3D806,LN9E8565F4,BRW27E302F1,2023-02-10,SMS,disputed,AGT8C983807,7
COLB8F66790,LNACE5841B,BRW3935EC93,2023-08-24,SMS,no_response,AGT0C5F5076,49
COL85423474,LNACE5841B,BRW3935EC93,2023-09-15,Push Notification,no_response,AGT1EC297E1,71
COLE775CE20,LNACE5841B,BRW3935EC93,2023-09-11,Push Notification,promise_to_pay,AGT0C5F5076,67
COL411B9CEB,LNF8FADCBB,BRW5A72D174,2024-08-10,Call,paid,AGTFB787BD8,27
COL04794680,LNF8FADCBB,BRW5A72D174,2024-09-22,Call,paid,AGT8C983807,70
COL8ADD3C66,LNF8FADCBB,BRW5A72D174,2024-10-02,Call,promise_to_pay,AGTFB787BD8,80
COL2050BEBE,LNF8FADCBB,BRW5A72D174,2024-08-25,Call,disputed,AGT8C983807,42
COL925FF37F,LNF8FADCBB,BRW5A72D174,2024-08-03,SMS,paid,AGT97646EF0,20
COL34179778,LN06EA0319,BRW4F2EAD1A,2023-06-27,SMS,no_response,AGTFAB66F1B,90
COLDCABF6A8,LN06EA0319,BRW4F2EAD1A,2023-05-17,Call,disputed,AGT97646EF0,49
COL89580B11,LNF025143C,BRWC282791F,2023-10-07,Call,no_response,AGTFB787BD8,76
COLC4C689C5,LNF025143C,BRWC282791F,2023-08-01,Call,paid,AGT751726B0,9
COL8ECD7751,LNF025143C,BRWC282791F,2023-08-30,SMS,no_response,AGTA10EC69F,38
COL62F263A2,LNF025143C,BRWC282791F,2023-08-05,Call,promise_to_pay,AGTA10EC69F,13
COLA6613815,LNACB9A122,BRW304E3DAF,2023-11-05,WhatsApp,no_response,AGTB3CEAD3D,72
COL74C2FAB6,LNACB9A122,BRW304E3DAF,2023-11-16,WhatsApp,promise_to_pay,AGT97646EF0,83
COL05AE60E4,LN6A61FC46,BRW21C32B40,2024-09-26,Push Notification,no_response,AGT0C5F5076,53
COL5812C2DC,LN6A61FC46,BRW21C32B40,2024-08-25,Call,no_response,AGTFAB66F1B,21
COL87B13933,LN6A61FC46,BRW21C32B40,2024-08-06,Push Notification,promise_to_pay,AGTA10EC69F,2
COL1E4E4240,LN6A61FC46,BRW21C32B40,2024-10-22,Call,no_response,AGTCADDCCF8,79
COL91E87F4E,LN6A61FC46,BRW21C32B40,2024-10-26,Call,disputed,AGT730A7DFF,83
COL346750AE,LN8804B3DD,BRWCF605723,2023-12-19,Call,no_response,AGT730A7DFF,53
COLFB911DD9,LN8804B3DD,BRWCF605723,2023-10-30,Call,no_response,AGTB3CEAD3D,3
COL75ACB242,LN8804B3DD,BRWCF605723,2023-12-03,Call,promise_to_pay,AGT97646EF0,37
COL25F1F84F,LN8804B3DD,BRWCF605723,2023-11-23,SMS,disputed,AGT8C983807,27
COL7E4A9743,LN8804B3DD,BRWCF605723,2023-12-23,Push Notification,no_response,AGTB3CEAD3D,57
COLED761F62,LNED4D6399,BRW6F454315,2024-04-12,Call,promise_to_pay,AGTCADDCCF8,44
COL53E6BEC3,LNED4D6399,BRW6F454315,2024-05-27,WhatsApp,paid,AGTB3CEAD3D,89
COL7F8C530E,LNBB9CAE32,BRW7A5BEE09,2024-05-06,Call,promise_to_pay,AGT1EC297E1,3
COL6C7F1EB6,LNBB9CAE32,BRW7A5BEE09,2024-07-16,Push Notification,disputed,AGT1EC297E1,74
COLEC94188E,LND4986694,BRWBCEC47AA,2022-09-29,SMS,promise_to_pay,AGT97646EF0,68
COL0948A805,LND4986694,BRWBCEC47AA,2022-08-20,Call,no_response,AGT0C5F5076,28
COL44F7C4FB,LND4986694,BRWBCEC47AA,2022-09-15,SMS,no_response,AGTB3CEAD3D,54
COL80071876,LND4986694,BRWBCEC47AA,2022-10-18,SMS,paid,AGT8C983807,87
COLA518F45A,LND4986694,BRWBCEC47AA,2022-10-07,WhatsApp,promise_to_pay,AGTFAB66F1B,76
COL83727B72,LNF7C816CE,BRW378207C6,2023-04-25,Call,disputed,AGTB3CEAD3D,29
COL429ED37D,LNF7C816CE,BRW378207C6,2023-04-19,Call,paid,AGT751726B0,23
COL1EF85938,LNF7C816CE,BRW378207C6,2023-06-02,WhatsApp,no_response,AGT97646EF0,67
COLED6408CF,LNF7C816CE,BRW378207C6,2023-06-23,SMS,promise_to_pay,AGT8C983807,88
COL08F98DDC,LNBB145A7F,BRWB84CACDE,2024-01-18,SMS,paid,AGTB3CEAD3D,47
COLDBAF2E71,LN4162A72C,BRWD40BF4A5,2023-07-09,Push Notification,no_response,AGTCADDCCF8,85
COL051F0B1E,LN4162A72C,BRWD40BF4A5,2023-05-02,Push Notification,promise_to_pay,AGT97646EF0,17
COL04C6DDDE,LN4162A72C,BRWD40BF4A5,2023-06-08,Push Notification,no_response,AGT1EC297E1,54
COL492FC324,LNE8C98721,BRWC7EB31C0,2024-06-25,WhatsApp,no_response,AGTFB787BD8,81
COL895B33AA,LNE8C98721,BRWC7EB31C0,2024-05-23,WhatsApp,promise_to_pay,AGT730A7DFF,48
COL00B64E9D,LN99AA3AB6,BRWCC3AE91C,2024-09-14,SMS,paid,AGTCADDCCF8,24
COL945BB5B3,LN99AA3AB6,BRWCC3AE91C,2024-11-03,SMS,no_response,AGTA10EC69F,74
COLA40E71A6,LN99AA3AB6,BRWCC3AE91C,2024-10-12,SMS,no_response,AGT0C5F5076,52
COLE4C9F9E2,LN99AA3AB6,BRWCC3AE91C,2024-08-30,Push Notification,no_response,AGTB3CEAD3D,9
COL851E4D87,LN99AA3AB6,BRWCC3AE91C,2024-09-11,WhatsApp,no_response,AGT9AF7C5BF,21
COL96162252,LN4A3DE4F7,BRW497E74C7,2024-09-06,WhatsApp,no_response,AGTB3CEAD3D,51
COL111812B0,LN4A3DE4F7,BRW497E74C7,2024-10-05,WhatsApp,no_response,AGT8C983807,80
COLEBFAC9D3,LN4A3DE4F7,BRW497E74C7,2024-09-11,SMS,paid,AGT9AF7C5BF,56
COL697932FE,LN4A3DE4F7,BRW497E74C7,2024-08-17,WhatsApp,no_response,AGTA10EC69F,31
COLFE9D08B9,LN53B5D615,BRW89F5E17A,2024-10-24,SMS,promise_to_pay,AGT0C5F5076,90
COLBD6B5122,LN53B5D615,BRW89F5E17A,2024-10-23,Push Notification,promise_to_pay,AGT0C5F5076,89
COLC2F5EF6A,LN53B5D615,BRW89F5E17A,2024-07-31,Push Notification,no_response,AGT751726B0,5
COLAA340AEB,LN53B5D615,BRW89F5E17A,2024-08-27,WhatsApp,promise_to_pay,AGTFAB66F1B,32
COLF8A6A14A,LN53B5D615,BRW89F5E17A,2024-09-29,Call,no_response,AGTFAB66F1B,65
COL71006D36,LN540D5688,BRWAF36AD3B,2022-11-19,Call,no_response,AGTCADDCCF8,83
COL5A14941E,LN540D5688,BRWAF36AD3B,2022-09-20,SMS,no_response,AGT730A7DFF,23
COLFA32D39B,LN540D5688,BRWAF36AD3B,2022-10-01,WhatsApp,paid,AGTFAB66F1B,34
COLD3B9DDA7,LN540D5688,BRWAF36AD3B,2022-10-30,Call,paid,AGT8C983807,63
COL3F5C3270,LN540D5688,BRWAF36AD3B,2022-09-30,Call,no_response,AGT730A7DFF,33
COL6B9CC495,LNA217D2B1,BRW6B6AA530,2024-07-28,Call,promise_to_pay,AGTA10EC69F,64
COL2671908E,LNA217D2B1,BRW6B6AA530,2024-06-23,Push Notification,paid,AGTFB787BD8,29
COL3CE0993B,LNA217D2B1,BRW6B6AA530,2024-08-11,Push Notification,no_response,AGTFAB66F1B,78
COL81B4E2F9,LNA217D2B1,BRW6B6AA530,2024-08-19,SMS,disputed,AGTA10EC69F,86
COLAF7771BD,LNA217D2B1,BRW6B6AA530,2024-06-10,Push Notification,no_response,AGT97646EF0,16
COLAB999BEB,LN24EAA04B,BRW8B92C26F,2024-03-07,Push Notification,promise_to_pay,AGT8C983807,83
COL7189099E,LNBC787CF0,BRW51F32A90,2024-05-08,Call,paid,AGT1EC297E1,53
COL93E843C9,LNF8C89789,BRW57CE7E29,2024-03-25,WhatsApp,no_response,AGTA10EC69F,8
COL17C6352D,LND83919D8,BRWB360C80D,2024-07-01,Call,promise_to_pay,AGTB3CEAD3D,87
COL503C5968,LND83919D8,BRWB360C80D,2024-05-11,Push Notification,promise_to_pay,AGT97646EF0,36
COL7AFA78BA,LND83919D8,BRWB360C80D,2024-05-13,Push Notification,promise_to_pay,AGTFB787BD8,38
COL306C3E81,LND83919D8,BRWB360C80D,2024-06-03,SMS,paid,AGT9AF7C5BF,59
COL7A35BF00,LN8B0134D9,BRWA97A0BE1,2023-07-09,Push Notification,paid,AGT1EC297E1,44
COLB5CC9015,LN8B0134D9,BRWA97A0BE1,2023-08-06,Push Notification,paid,AGTFAB66F1B,72
COLEF9A0DB5,LN8B0134D9,BRWA97A0BE1,2023-06-10,Call,no_response,AGTA10EC69F,15
COLF909464F,LN8B0134D9,BRWA97A0BE1,2023-07-01,Call,paid,AGTA10EC69F,36
COL728DE1E1,LNEDD8BCD2,BRWDC867721,2023-07-23,SMS,no_response,AGT97646EF0,60
COLA4EC0C89,LN5BB7D9FD,BRWDC867721,2023-12-30,SMS,paid,AGT751726B0,81
COL3CB292D7,LN5BB7D9FD,BRWDC867721,2023-10-30,Call,no_response,AGT97646EF0,20
COLE7E2AA8D,LN5BB7D9FD,BRWDC867721,2023-10-25,Push Notification,paid,AGT751726B0,15
COLEF2C51B5,LN5BB7D9FD,BRWDC867721,2023-11-01,Call,paid,AGT9AF7C5BF,22
COL5C74C9B0,LN5BB7D9FD,BRWDC867721,2023-11-13,SMS,no_response,AGT751726B0,34
COLCA309BFD,LNB3869FDA,BRW666A4BD9,2023-09-19,Call,promise_to_pay,AGT730A7DFF,23
COL4FDB84FD,LNB3869FDA,BRW666A4BD9,2023-09-14,SMS,promise_to_pay,AGT8C983807,18
COL70181D73,LNDE7A7894,BRWED2CEA81,2023-11-06,Call,promise_to_pay,AGTB3CEAD3D,18
COL23A345CF,LNDE7A7894,BRWED2CEA81,2023-10-20,Push Notification,disputed,AGTCADDCCF8,1
COL89A12BE6,LNDE7A7894,BRWED2CEA81,2023-12-12,Call,no_response,AGT730A7DFF,54
COL16651EA8,LNDE7A7894,BRWED2CEA81,2023-11-14,Call,paid,AGT8C983807,26
COL49A0EED2,LNDE7A7894,BRWED2CEA81,2023-10-26,SMS,paid,AGTCADDCCF8,7
COL6EC87745,LN7F951FD9,BRW14AC6376,2023-06-29,WhatsApp,no_response,AGTCADDCCF8,22
COLE233AFCB,LN7F951FD9,BRW14AC6376,2023-06-23,SMS,promise_to_pay,AGT751726B0,16
COL73EF0F13,LNC298BAD3,BRWBC5DE5F1,2023-02-09,SMS,promise_to_pay,AGTB3CEAD3D,18
COL990BF6E3,LNC298BAD3,BRWBC5DE5F1,2023-03-02,Push Notification,disputed,AGT751726B0,39
COL456DCA0D,LNC298BAD3,BRWBC5DE5F1,2023-01-25,Call,no_response,AGT1EC297E1,3
COLD51B20F6,LNC298BAD3,BRWBC5DE5F1,2023-03-22,SMS,disputed,AGT8C983807,59
COLD4E1EB20,LN2678239D,BRWE2CF9AD4,2024-01-16,Call,promise_to_pay,AGTB3CEAD3D,76
COL8BE2B1C6,LN2678239D,BRWE2CF9AD4,2023-12-23,SMS,no_response,AGT1EC297E1,52
COL50F4884B,LN07634483,BRW645229FF,2024-06-02,Call,disputed,AGT751726B0,6
COL301F1DD9,LN07634483,BRW645229FF,2024-08-17,Push Notification,paid,AGTFAB66F1B,82
COLE7C322D2,LN07634483,BRW645229FF,2024-08-15,Call,promise_to_pay,AGT8C983807,80
COL45905273,LNF1922395,BRW1C6168C7,2023-02-06,WhatsApp,promise_to_pay,AGT9AF7C5BF,63
COL95CC7547,LNF1922395,BRW1C6168C7,2023-02-17,Push Notification,no_response,AGT1EC297E1,74
COL581C3066,LNF1922395,BRW1C6168C7,2023-01-15,WhatsApp,no_response,AGT751726B0,41
COL3A717FE8,LNF1922395,BRW1C6168C7,2022-12-15,Push Notification,disputed,AGT97646EF0,10
COLE81FDF93,LNF1922395,BRW1C6168C7,2023-01-09,SMS,paid,AGT97646EF0,35
COL4AF9B6EF,LN218A89B7,BRWAFC288FA,2022-12-12,Call,no_response,AGT8C983807,54
COLF0C101B5,LN218A89B7,BRWAFC288FA,2022-10-21,WhatsApp,no_response,AGT730A7DFF,2
COL4EB988ED,LN218A89B7,BRWAFC288FA,2022-11-18,WhatsApp,promise_to_pay,AGT97646EF0,30
COL200983B4,LN92CDB8A6,BRW5D7C4294,2023-06-04,Call,paid,AGTB3CEAD3D,69
COLF5B4DC0A,LN92CDB8A6,BRW5D7C4294,2023-06-13,WhatsApp,promise_to_pay,AGT1EC297E1,78
COL18622EE4,LN65B2C871,BRW8403ABEF,2024-04-21,WhatsApp,no_response,AGT1EC297E1,58
COLCA02D8F1,LN65B2C871,BRW8403ABEF,2024-03-10,Call,no_response,AGT9AF7C5BF,16
COL00A18F9C,LN65B2C871,BRW8403ABEF,2024-04-19,SMS,no_response,AGTA10EC69F,56
COLE02CE16B,LN4488AFED,BRWEB144433,2023-07-16,SMS,promise_to_pay,AGT8C983807,48
COLA4526065,LN4488AFED,BRWEB144433,2023-08-24,Push Notification,no_response,AGT9AF7C5BF,87
COL6464653A,LNF343CFE8,BRW183F154F,2023-11-16,WhatsApp,no_response,AGT0C5F5076,82
COL5D930678,LNF343CFE8,BRW183F154F,2023-09-14,WhatsApp,paid,AGT0C5F5076,19
COL16B3F431,LN932DA154,BRW035F3B46,2023-05-14,SMS,promise_to_pay,AGT0C5F5076,36
COL2C0451C9,LN932DA154,BRW035F3B46,2023-04-30,Push Notification,no_response,AGT9AF7C5BF,22
COLF7A9709C,LN9FB9366F,BRW19F889FF,2024-01-27,SMS,paid,AGT8C983807,83
COL74E087FC,LN9FB9366F,BRW19F889FF,2024-01-02,SMS,paid,AGT9AF7C5BF,58
COLCF37728D,LN9FB9366F,BRW19F889FF,2023-11-21,Push Notification,no_response,AGTFAB66F1B,16
COL1CE7CD04,LN9FB9366F,BRW19F889FF,2023-12-25,WhatsApp,no_response,AGT1EC297E1,50
COLCCDE7051,LN9FB9366F,BRW19F889FF,2023-11-11,Call,promise_to_pay,AGTCADDCCF8,6
COL1E083A2F,LNE1C0E25A,BRW5839EEC6,2023-10-31,Push Notification,paid,AGTB3CEAD3D,21
COL3AE517B2,LNA2DB52D6,BRW5839EEC6,2023-08-21,WhatsApp,paid,AGTFB787BD8,72
COL02ED3DC3,LNA2DB52D6,BRW5839EEC6,2023-07-01,SMS,no_response,AGT0C5F5076,21
COL985663D8,LNA2DB52D6,BRW5839EEC6,2023-08-12,Call,promise_to_pay,AGTB3CEAD3D,63
COL3C29BC7E,LNA2DB52D6,BRW5839EEC6,2023-07-05,Call,no_response,AGT97646EF0,25
COL171005EE,LNA2DB52D6,BRW5839EEC6,2023-07-04,SMS,paid,AGT751726B0,24
COLB4F871C8,LN4CD0E719,BRW369C217C,2023-08-30,SMS,promise_to_pay,AGTFB787BD8,86
COLA35EFC57,LNBF3773EF,BRW18F58560,2023-07-29,SMS,no_response,AGT730A7DFF,8
COLC0A8F18A,LNB0703679,BRWCA778286,2024-11-02,SMS,paid,AGT751726B0,72
COLA56740B7,LNB0703679,BRWCA778286,2024-09-17,Push Notification,paid,AGT97646EF0,26
COLD1EA6FCB,LNA139D240,BRWB7B2C835,2023-09-09,WhatsApp,promise_to_pay,AGTFB787BD8,43
COL4E946D8E,LN0244FB5D,BRWE1F7C46A,2024-02-23,Call,no_response,AGTA10EC69F,65
COL80736C18,LN0244FB5D,BRWE1F7C46A,2024-02-05,SMS,no_response,AGTFB787BD8,47
COLB38CF336,LN0244FB5D,BRWE1F7C46A,2024-02-09,WhatsApp,promise_to_pay,AGTCADDCCF8,51
COL790E8A85,LN0244FB5D,BRWE1F7C46A,2024-03-06,WhatsApp,no_response,AGT0C5F5076,77
COL007C272B,LN5A544288,BRW71BD15CD,2023-09-23,Push Notification,no_response,AGT730A7DFF,66
COL7DC4E16B,LN5A544288,BRW71BD15CD,2023-07-31,WhatsApp,no_response,AGTCADDCCF8,12
COLCE9D9EEE,LN2F5606A8,BRW6D365A4B,2024-10-04,Call,no_response,AGTCADDCCF8,7
COL27CC22A8,LN2F5606A8,BRW6D365A4B,2024-12-03,SMS,no_response,AGTFAB66F1B,67
COLC6BC4451,LNA111AA65,BRW5F2A3225,2024-10-02,WhatsApp,paid,AGT1EC297E1,68
COLF9626AD1,LNA111AA65,BRW5F2A3225,2024-08-28,Push Notification,paid,AGT9AF7C5BF,33
COL245EFA1A,LNA111AA65,BRW5F2A3225,2024-08-19,Call,no_response,AGT1EC297E1,24
COLC61FE389,LN23B17100,BRW791C7DEF,2022-12-13,Push Notification,promise_to_pay,AGTCADDCCF8,52
COL7AFD963A,LN23B17100,BRW791C7DEF,2023-01-07,WhatsApp,no_response,AGTCADDCCF8,77
COLE3099DFB,LN23B17100,BRW791C7DEF,2022-11-15,SMS,paid,AGT751726B0,24
COLA14C6851,LN23B17100,BRW791C7DEF,2022-11-05,Call,disputed,AGTFB787BD8,14
COL29310BC2,LNE9AB850C,BRW794ADA65,2023-06-08,SMS,no_response,AGT730A7DFF,9
COL98EEEEF0,LN8E9E38FB,BRW1A47B220,2023-05-14,Push Notification,disputed,AGT8C983807,4
COLDFAFA19A,LN8E9E38FB,BRW1A47B220,2023-05-16,Call,no_response,AGT751726B0,6
COLA1C8A316,LN8E9E38FB,BRW1A47B220,2023-05-31,Call,no_response,AGT0C5F5076,21
COLB4FF1E52,LN8E9E38FB,BRW1A47B220,2023-05-15,SMS,no_response,AGT0C5F5076,5
COL8436B738,LN04949094,BRW8D2AF94E,2024-07-24,WhatsApp,no_response,AGTB3CEAD3D,23
COL04B115E0,LN04949094,BRW8D2AF94E,2024-08-07,SMS,promise_to_pay,AGT97646EF0,37
COL545AAFDA,LN04949094,BRW8D2AF94E,2024-07-17,WhatsApp,paid,AGTCADDCCF8,16
